"(<shapely.geometry.linestring.LineString object at 0x0000016B135A0240>, 5484498021, 53076878)"
"(<shapely.geometry.linestring.LineString object at 0x0000016B10FF9EB8>, 57066394, 3516414498)"
"(<shapely.geometry.linestring.LineString object at 0x0000016B0FB19940>, 239616965, 2362882013)"
"(<shapely.geometry.linestring.LineString object at 0x0000016B0EEBC2B0>, 53042661, 56856544)"
"(<shapely.geometry.linestring.LineString object at 0x0000016B10D8CB70>, 275782472, 4044850417)"
"(<shapely.geometry.linestring.LineString object at 0x0000016B10FDF048>, 240448882, 3720819935)"
"(<shapely.geometry.linestring.LineString object at 0x0000016B111624A8>, 5483072641, 53098211)"
"(<shapely.geometry.linestring.LineString object at 0x0000016B103D1588>, 240469627, 53050629)"
"(<shapely.geometry.linestring.LineString object at 0x0000016B0F8682B0>, 53019122, 240448968)"
"(<shapely.geometry.linestring.LineString object at 0x0000016B02C7E278>, 53096083, 53050568)"
"(<shapely.geometry.linestring.LineString object at 0x0000016B0EDED828>, 5483224506, 240448882)"
"(<shapely.geometry.linestring.LineString object at 0x0000016B0F023A90>, 2820169750, 2086712195)"
"(<shapely.geometry.linestring.LineString object at 0x0000016B086C36D8>, 52987337, 240448903)"
"(<shapely.geometry.linestring.LineString object at 0x0000016B0FB19940>, 239616965, 2362882013)"
"(<shapely.geometry.linestring.LineString object at 0x0000016B114924A8>, 53064849, 52989421)"
"(<shapely.geometry.linestring.LineString object at 0x0000016B02ED0C50>, 53019160, 58443246)"
"(<shapely.geometry.linestring.LineString object at 0x0000016B0DA78EB8>, 53099275, 4305382016)"
"(<shapely.geometry.linestring.LineString object at 0x0000016B033D55F8>, 239669179, 3356956823)"
"(<shapely.geometry.linestring.LineString object at 0x0000016B0A376550>, 53116961, 240448899)"
"(<shapely.geometry.linestring.LineString object at 0x0000016B0EBF9F28>, 312432762, 312432764)"
"(<shapely.geometry.linestring.LineString object at 0x0000016B03580EB8>, 3696069397, 53082741)"
"(<shapely.geometry.linestring.LineString object at 0x0000016B083C53C8>, 57066394, 3516414498)"
"(<shapely.geometry.linestring.LineString object at 0x0000016B114B7EF0>, 5483224223, 5483224120)"
"(<shapely.geometry.linestring.LineString object at 0x0000016B1031A668>, 6269419115, 53080628)"
"(<shapely.geometry.linestring.LineString object at 0x0000016B110C63C8>, 53082737, 53020966)"
"(<shapely.geometry.linestring.LineString object at 0x0000016B0297E860>, 262257164, 262257163)"
"(<shapely.geometry.linestring.LineString object at 0x0000016B0860B1D0>, 53030349, 53055563)"
"(<shapely.geometry.linestring.LineString object at 0x0000016B10416198>, 259581502, 407681234)"
"(<shapely.geometry.linestring.LineString object at 0x0000016B033F7BA8>, 53121257, 307508301)"
"(<shapely.geometry.linestring.LineString object at 0x0000016B1033C780>, 53100520, 53100523)"
"(<shapely.geometry.linestring.LineString object at 0x0000016B0D845D30>, 53064862, 243673147)"
"(<shapely.geometry.linestring.LineString object at 0x0000016B05EE3828>, 3403193789, 2144915118)"
"(<shapely.geometry.linestring.LineString object at 0x0000016B1033CE48>, 230899740, 312432704)"
"(<shapely.geometry.linestring.LineString object at 0x0000016B033ECD30>, 53121110, 239715330)"
"(<shapely.geometry.linestring.LineString object at 0x0000016B0F0396A0>, 3403193789, 2144915118)"
"(<shapely.geometry.linestring.LineString object at 0x0000016B0AD217B8>, 803046455, 2002199678)"
"(<shapely.geometry.linestring.LineString object at 0x0000016B1318C470>, 53055175, 53027402)"
"(<shapely.geometry.linestring.LineString object at 0x0000016B10D8CC50>, 275782489, 275777901)"
"(<shapely.geometry.linestring.LineString object at 0x0000016B1114A2E8>, 5483072740, 3575317820)"
"(<shapely.geometry.linestring.LineString object at 0x0000016B1114AEB8>, 5483072753, 53064850)"
"(<shapely.geometry.linestring.LineString object at 0x0000016B0F0171D0>, 53075858, 53075860)"
"(<shapely.geometry.linestring.LineString object at 0x0000016B0FAF66D8>, 53133629, 53111538)"
"(<shapely.geometry.linestring.LineString object at 0x0000016B1240A8D0>, 53063543, 53063545)"
"(<shapely.geometry.linestring.LineString object at 0x0000016B0EBF91D0>, 53041090, 53063551)"
"(<shapely.geometry.linestring.LineString object at 0x0000016B0F8732E8>, 57066394, 3516414498)"
"(<shapely.geometry.linestring.LineString object at 0x0000016B0358AE10>, 53020971, 312430760)"
"(<shapely.geometry.linestring.LineString object at 0x0000016B103EBE48>, 3347105714, 239669201)"
"(<shapely.geometry.linestring.LineString object at 0x0000016B0D84D438>, 53055185, 6344498997)"
"(<shapely.geometry.linestring.LineString object at 0x0000016B110F3550>, 53050641, 53024607)"
"(<shapely.geometry.linestring.LineString object at 0x0000016B0FA24748>, 4592290396, 53055198)"
"(<shapely.geometry.linestring.LineString object at 0x0000016B0D84D1D0>, 53055171, 53116953)"
"(<shapely.geometry.linestring.LineString object at 0x0000016B0DA78EB8>, 53099275, 4305382016)"
"(<shapely.geometry.linestring.LineString object at 0x0000016B1242C9B0>, 53063939, 53063945)"
"(<shapely.geometry.linestring.LineString object at 0x0000016B035E4B00>, 53090675, 1993196224)"
"(<shapely.geometry.linestring.LineString object at 0x0000016B114BE630>, 53020985, 1250649525)"
"(<shapely.geometry.linestring.LineString object at 0x0000016B0DA78EB8>, 53099275, 4305382016)"
"(<shapely.geometry.linestring.LineString object at 0x0000016B0FB19CF8>, 239617010, 1946206529)"
"(<shapely.geometry.linestring.LineString object at 0x0000016B12419128>, 53063564, 53063565)"
"(<shapely.geometry.linestring.LineString object at 0x0000016B1108CDD8>, 53082205, 2676416276)"
"(<shapely.geometry.linestring.LineString object at 0x0000016B1242C9B0>, 53063939, 53063945)"
"(<shapely.geometry.linestring.LineString object at 0x0000016B02EC3F60>, 53061110, 53047453)"
"(<shapely.geometry.linestring.LineString object at 0x0000016B02C7E278>, 53096083, 53050568)"
"(<shapely.geometry.linestring.LineString object at 0x0000016B10910C88>, 251226544, 4233489805)"
"(<shapely.geometry.linestring.LineString object at 0x0000016B0EDCF2B0>, 5483224238, 57066388)"
"(<shapely.geometry.linestring.LineString object at 0x0000016B0A1C3080>, 57066394, 3516414498)"
"(<shapely.geometry.linestring.LineString object at 0x0000016B0A1B47F0>, 53096071, 2086696505)"
"(<shapely.geometry.linestring.LineString object at 0x0000016B02C7E278>, 53096083, 53050568)"
"(<shapely.geometry.linestring.LineString object at 0x0000016B104073C8>, 259581498, 407681331)"
"(<shapely.geometry.linestring.LineString object at 0x0000016B10FDF748>, 240448912, 52987338)"
"(<shapely.geometry.linestring.LineString object at 0x0000016B0358AF60>, 53020977, 5484497297)"
"(<shapely.geometry.linestring.LineString object at 0x0000016B0295A7F0>, 407681235, 259581501)"
"(<shapely.geometry.linestring.LineString object at 0x0000016B02EC3860>, 53058818, 53074448)"
"(<shapely.geometry.linestring.LineString object at 0x0000016B11717EF0>, 243673125, 5483224488)"
"(<shapely.geometry.linestring.LineString object at 0x0000016B043D2208>, 53047301, 53064667)"
"(<shapely.geometry.linestring.LineString object at 0x0000016B0EDC0940>, 5483224086, 53063549)"
"(<shapely.geometry.linestring.LineString object at 0x0000016B0EB9B588>, 53073464, 4305368795)"
"(<shapely.geometry.linestring.LineString object at 0x0000016B035E4E80>, 53090689, 53099165)"
"(<shapely.geometry.linestring.LineString object at 0x0000016B135B2550>, 53103804, 3108781957)"
"(<shapely.geometry.linestring.LineString object at 0x0000016B0FA8DF60>, 5484497287, 53090683)"
"(<shapely.geometry.linestring.LineString object at 0x0000016B110E5710>, 53050568, 259581502)"
"(<shapely.geometry.linestring.LineString object at 0x0000016B10416198>, 259581502, 407681234)"
"(<shapely.geometry.linestring.LineString object at 0x0000016B02C7E278>, 53096083, 53050568)"
"(<shapely.geometry.linestring.LineString object at 0x0000016B02C7E5F8>, 53096090, 1941701132)"
"(<shapely.geometry.linestring.LineString object at 0x0000016B0F86E978>, 53076868, 53115969)"
"(<shapely.geometry.linestring.LineString object at 0x0000016B0EB739B0>, 53064849, 52989421)"
"(<shapely.geometry.linestring.LineString object at 0x0000016B09200CC0>, 53055175, 53027402)"
"(<shapely.geometry.linestring.LineString object at 0x0000016B091FE860>, 53112051, 53125299)"
"(<shapely.geometry.linestring.LineString object at 0x0000016B0F01F630>, 57121251, 57121262)"
"(<shapely.geometry.linestring.LineString object at 0x0000016B10416198>, 259581502, 407681234)"
"(<shapely.geometry.linestring.LineString object at 0x0000016B0D845400>, 275782491, 53090190)"
"(<shapely.geometry.linestring.LineString object at 0x0000016B0EB7EBE0>, 53105811, 53152266)"
"(<shapely.geometry.linestring.LineString object at 0x0000016B10FDF438>, 240448897, 3676980355)"
"(<shapely.geometry.linestring.LineString object at 0x0000016B0EB94D68>, 4169483033, 446235162)"
"(<shapely.geometry.linestring.LineString object at 0x0000016B0D83D160>, 53064849, 52989421)"
"(<shapely.geometry.linestring.LineString object at 0x0000016B10EC11D0>, 53047294, 53047295)"
"(<shapely.geometry.linestring.LineString object at 0x0000016B135A04A8>, 5484498032, 1994957638)"
"(<shapely.geometry.linestring.LineString object at 0x0000016B1240AF98>, 53063556, 4124193247)"
"(<shapely.geometry.linestring.LineString object at 0x0000016B0FB19CF8>, 239617010, 1946206529)"
"(<shapely.geometry.linestring.LineString object at 0x0000016B1033CE48>, 230899740, 312432704)"
"(<shapely.geometry.linestring.LineString object at 0x0000016B0EC231D0>, 5483223590, 53058932)"
"(<shapely.geometry.linestring.LineString object at 0x0000016B135A0E10>, 5484498063, 240469698)"
"(<shapely.geometry.linestring.LineString object at 0x0000016B08606DD8>, 53036288, 53036287)"
"(<shapely.geometry.linestring.LineString object at 0x0000016B0EDCF2B0>, 5483224238, 57066388)"
"(<shapely.geometry.linestring.LineString object at 0x0000016B0EDDDC50>, 5483224426, 53079186)"
"(<shapely.geometry.linestring.LineString object at 0x0000016B0F9A3E80>, 318886232, 53148316)"
"(<shapely.geometry.linestring.LineString object at 0x0000016B03F86518>, 687179393, 53055503)"
"(<shapely.geometry.linestring.LineString object at 0x0000016B02EE4FD0>, 53020930, 53020929)"
"(<shapely.geometry.linestring.LineString object at 0x0000016B0EB84518>, 53027126, 5483072666)"
"(<shapely.geometry.linestring.LineString object at 0x0000016B0EC05208>, 312432788, 5484497864)"
"(<shapely.geometry.linestring.LineString object at 0x0000016B02EE4F60>, 53020929, 53020930)"
"(<shapely.geometry.linestring.LineString object at 0x0000016B0EDED828>, 5483224506, 240448882)"
"(<shapely.geometry.linestring.LineString object at 0x0000016B04C12BA8>, 240469701, 53050634)"
"(<shapely.geometry.linestring.LineString object at 0x0000016B135A0240>, 5484498021, 53076878)"
"(<shapely.geometry.linestring.LineString object at 0x0000016B10CBCC18>, 53042650, 240404686)"
"(<shapely.geometry.linestring.LineString object at 0x0000016B0AF21CF8>, 53117382, 53082568)"
"(<shapely.geometry.linestring.LineString object at 0x0000016B0EBAAB38>, 53041088, 53041087)"
"(<shapely.geometry.linestring.LineString object at 0x0000016B10FDF2B0>, 240448893, 240448895)"
"(<shapely.geometry.linestring.LineString object at 0x0000016B0EEBC2B0>, 53042661, 56856544)"
"(<shapely.geometry.linestring.LineString object at 0x0000016B10FF9358>, 4169483033, 446235162)"
"(<shapely.geometry.linestring.LineString object at 0x0000016B086C36D8>, 52987337, 240448903)"
"(<shapely.geometry.linestring.LineString object at 0x0000016B10FD1FD0>, 240448878, 5483224511)"
"(<shapely.geometry.linestring.LineString object at 0x0000016B0AF21CC0>, 53117382, 53041131)"
"(<shapely.geometry.linestring.LineString object at 0x0000016B08264B00>, 275782492, 2086720410)"
"(<shapely.geometry.linestring.LineString object at 0x0000016B11717D68>, 243673133, 4541871185)"
"(<shapely.geometry.linestring.LineString object at 0x0000016B07CEA630>, 57066394, 3516414498)"
"(<shapely.geometry.linestring.LineString object at 0x0000016B0F0179B0>, 53075875, 53149300)"
"(<shapely.geometry.linestring.LineString object at 0x0000016B110E5EB8>, 53050617, 53020955)"
"(<shapely.geometry.linestring.LineString object at 0x0000016B103EBFD0>, 5483072683, 53064857)"
"(<shapely.geometry.linestring.LineString object at 0x0000016B02C7E278>, 53096083, 53050568)"
"(<shapely.geometry.linestring.LineString object at 0x0000016B1033CE48>, 230899740, 312432704)"
"(<shapely.geometry.linestring.LineString object at 0x0000016B08961550>, 5483072589, 5483072591)"
"(<shapely.geometry.linestring.LineString object at 0x0000016B10FDF438>, 240448897, 3676980355)"
"(<shapely.geometry.linestring.LineString object at 0x0000016B02EE4F60>, 53020929, 53020930)"
"(<shapely.geometry.linestring.LineString object at 0x0000016B07CDF710>, 2086720406, 275782450)"
"(<shapely.geometry.linestring.LineString object at 0x0000016B086C3E48>, 53085623, 53070406)"
"(<shapely.geometry.linestring.LineString object at 0x0000016B04C1FDA0>, 53059199, 4616420905)"
"(<shapely.geometry.linestring.LineString object at 0x0000016B04C13748>, 53096092, 239617031)"
"(<shapely.geometry.linestring.LineString object at 0x0000016B1148CA20>, 53096076, 2086696681)"
"(<shapely.geometry.linestring.LineString object at 0x0000016B0FA51320>, 53037915, 5484497854)"
"(<shapely.geometry.linestring.LineString object at 0x0000016B0D84D438>, 53055185, 6344498997)"
"(<shapely.geometry.linestring.LineString object at 0x0000016B02C4C390>, 53030345, 5483072587)"
"(<shapely.geometry.linestring.LineString object at 0x0000016B0EB8E7B8>, 258758045, 240448903)"
"(<shapely.geometry.linestring.LineString object at 0x0000016B10667CC0>, 53064677, 53064674)"
"(<shapely.geometry.linestring.LineString object at 0x0000016B091FE320>, 5483072757, 5483072759)"
"(<shapely.geometry.linestring.LineString object at 0x0000016B10DB51D0>, 53091836, 53112054)"
"(<shapely.geometry.linestring.LineString object at 0x0000016B1033CE48>, 230899740, 312432704)"
"(<shapely.geometry.linestring.LineString object at 0x0000016B110AA518>, 53115329, 2196215681)"
"(<shapely.geometry.linestring.LineString object at 0x0000016B0FB19940>, 239616965, 2362882013)"
"(<shapely.geometry.linestring.LineString object at 0x0000016B135B25C0>, 53103803, 5483224075)"
"(<shapely.geometry.linestring.LineString object at 0x0000016B02C7E278>, 53096083, 53050568)"
"(<shapely.geometry.linestring.LineString object at 0x0000016B0D84D1D0>, 53055171, 53116953)"
"(<shapely.geometry.linestring.LineString object at 0x0000016B10416198>, 259581502, 407681234)"
"(<shapely.geometry.linestring.LineString object at 0x0000016B10D8CB70>, 275782472, 4044850417)"
"(<shapely.geometry.linestring.LineString object at 0x0000016B104073C8>, 259581498, 407681331)"
"(<shapely.geometry.linestring.LineString object at 0x0000016B0DA78EB8>, 53099275, 4305382016)"
"(<shapely.geometry.linestring.LineString object at 0x0000016B0EBF2A20>, 53021369, 4294455598)"
"(<shapely.geometry.linestring.LineString object at 0x0000016B083EDB38>, 240448958, 53096084)"
"(<shapely.geometry.linestring.LineString object at 0x0000016B0EB84390>, 53124028, 53093988)"
"(<shapely.geometry.linestring.LineString object at 0x0000016B033F7BA8>, 53121257, 307508301)"
"(<shapely.geometry.linestring.LineString object at 0x0000016B035E4D68>, 53090680, 52978704)"
"(<shapely.geometry.linestring.LineString object at 0x0000016B0EC05160>, 312432782, 312432776)"
"(<shapely.geometry.linestring.LineString object at 0x0000016B08231EB8>, 53064847, 86333115)"
"(<shapely.geometry.linestring.LineString object at 0x0000016B0295A7F0>, 407681235, 259581501)"
"(<shapely.geometry.linestring.LineString object at 0x0000016B131A8358>, 53089415, 53089413)"
"(<shapely.geometry.linestring.LineString object at 0x0000016B0EB7EE48>, 394220748, 53006324)"
"(<shapely.geometry.linestring.LineString object at 0x0000016B11A8A358>, 239617025, 1941701100)"
"(<shapely.geometry.linestring.LineString object at 0x0000016B10EC15C0>, 53047307, 53117372)"
"(<shapely.geometry.linestring.LineString object at 0x0000016B035BD4E0>, 53024607, 53050642)"
"(<shapely.geometry.linestring.LineString object at 0x0000016B110E5710>, 53050568, 259581502)"
"(<shapely.geometry.linestring.LineString object at 0x0000016B10416198>, 259581502, 407681234)"
"(<shapely.geometry.linestring.LineString object at 0x0000016B033F7BA8>, 53121257, 307508301)"
"(<shapely.geometry.linestring.LineString object at 0x0000016B04C175F8>, 2976013636, 53146430)"
"(<shapely.geometry.linestring.LineString object at 0x0000016B0922CEB8>, 4213511046, 53083136)"
"(<shapely.geometry.linestring.LineString object at 0x0000016B10CBC208>, 4592290396, 4591463176)"
"(<shapely.geometry.linestring.LineString object at 0x0000016B0DA78EB8>, 53099275, 4305382016)"
"(<shapely.geometry.linestring.LineString object at 0x0000016B11059D68>, 2205390437, 2205390461)"
"(<shapely.geometry.linestring.LineString object at 0x0000016B0F023160>, 53075889, 3143332574)"
"(<shapely.geometry.linestring.LineString object at 0x0000016B0358AF60>, 53020977, 5484497297)"
"(<shapely.geometry.linestring.LineString object at 0x0000016B1033CE48>, 230899740, 312432704)"
"(<shapely.geometry.linestring.LineString object at 0x0000016B0DA78EB8>, 53099275, 4305382016)"
"(<shapely.geometry.linestring.LineString object at 0x0000016B10DB5BA8>, 53091865, 53072262)"
"(<shapely.geometry.linestring.LineString object at 0x0000016B0FA42E48>, 53037903, 53037905)"
"(<shapely.geometry.linestring.LineString object at 0x0000016B0EB9B320>, 4305376805, 239669186)"
"(<shapely.geometry.linestring.LineString object at 0x0000016B136E51D0>, 240448949, 361210374)"
"(<shapely.geometry.linestring.LineString object at 0x0000016B0D84D438>, 53055185, 6344498997)"
"(<shapely.geometry.linestring.LineString object at 0x0000016B0D84F0F0>, 3403193789, 2144915118)"
"(<shapely.geometry.linestring.LineString object at 0x0000016B0F88E5F8>, 1789060349, 53114435)"
"(<shapely.geometry.linestring.LineString object at 0x0000016B10DB51D0>, 53091836, 53112054)"
"(<shapely.geometry.linestring.LineString object at 0x0000016B0EB7EE48>, 394220748, 53006324)"
"(<shapely.geometry.linestring.LineString object at 0x0000016B0EB84630>, 2086712241, 2086712232)"
"(<shapely.geometry.linestring.LineString object at 0x0000016B03F86978>, 1030522453, 53082595)"
"(<shapely.geometry.linestring.LineString object at 0x0000016B110AA4A8>, 53115327, 239500928)"
"(<shapely.geometry.linestring.LineString object at 0x0000016B1033CE48>, 230899740, 312432704)"
"(<shapely.geometry.linestring.LineString object at 0x0000016B0FA51588>, 53037929, 53037931)"
"(<shapely.geometry.linestring.LineString object at 0x0000016B103D1400>, 240469624, 5484498054)"
"(<shapely.geometry.linestring.LineString object at 0x0000016B1148EC50>, 5483224608, 74261393)"
"(<shapely.geometry.linestring.LineString object at 0x0000016B0FB19940>, 239616965, 2362882013)"
"(<shapely.geometry.linestring.LineString object at 0x0000016B10FDFBE0>, 240448956, 541005976)"
"(<shapely.geometry.linestring.LineString object at 0x0000016B0D83DFD0>, 2086696718, 53041085)"
"(<shapely.geometry.linestring.LineString object at 0x0000016B0295A9B0>, 407681274, 407681275)"
"(<shapely.geometry.linestring.LineString object at 0x0000016B0FB19940>, 239616965, 2362882013)"
"(<shapely.geometry.linestring.LineString object at 0x0000016B0F86EC18>, 53076872, 53082735)"
"(<shapely.geometry.linestring.LineString object at 0x0000016B0EB73518>, 836000338, 53066460)"
"(<shapely.geometry.linestring.LineString object at 0x0000016B10FDFB70>, 240448958, 240448960)"
"(<shapely.geometry.linestring.LineString object at 0x0000016B10867C18>, 53029733, 240448872)"
"(<shapely.geometry.linestring.LineString object at 0x0000016B1031A668>, 6269419115, 53080628)"
"(<shapely.geometry.linestring.LineString object at 0x0000016B0EB7EE48>, 394220748, 53006324)"
"(<shapely.geometry.linestring.LineString object at 0x0000016B043AFD68>, 5483072770, 53125299)"
"(<shapely.geometry.linestring.LineString object at 0x0000016B0D84B3C8>, 5486906949, 53090689)"
"(<shapely.geometry.linestring.LineString object at 0x0000016B033D55F8>, 239669179, 3356956823)"
"(<shapely.geometry.linestring.LineString object at 0x0000016B0A1CC4E0>, 4169483033, 446235162)"
"(<shapely.geometry.linestring.LineString object at 0x0000016B0EC0CEF0>, 2086712241, 2086712232)"
"(<shapely.geometry.linestring.LineString object at 0x0000016B10867C18>, 53029733, 240448872)"
"(<shapely.geometry.linestring.LineString object at 0x0000016B12419BE0>, 4927326195, 4927326214)"
"(<shapely.geometry.linestring.LineString object at 0x0000016B1173B5F8>, 53029043, 53113657)"
"(<shapely.geometry.linestring.LineString object at 0x0000016B0860B978>, 5483224223, 5483224120)"
"(<shapely.geometry.linestring.LineString object at 0x0000016B131ADBE0>, 5487137908, 53146110)"
"(<shapely.geometry.linestring.LineString object at 0x0000016B0D830A90>, 5484498194, 5484498191)"
"(<shapely.geometry.linestring.LineString object at 0x0000016B07CB1A58>, 53020979, 525866522)"
"(<shapely.geometry.linestring.LineString object at 0x0000016B07CDF358>, 5483072742, 5483072769)"
"(<shapely.geometry.linestring.LineString object at 0x0000016B0295A9B0>, 407681274, 407681275)"
"(<shapely.geometry.linestring.LineString object at 0x0000016B0EBF9240>, 53041093, 53063555)"
"(<shapely.geometry.linestring.LineString object at 0x0000016B0295A6A0>, 407681229, 53096078)"
"(<shapely.geometry.linestring.LineString object at 0x0000016B0358A278>, 53020935, 53020937)"
"(<shapely.geometry.linestring.LineString object at 0x0000016B0EBFD860>, 240448958, 53096084)"
"(<shapely.geometry.linestring.LineString object at 0x0000016B11A9B0F0>, 56837383, 444644980)"
"(<shapely.geometry.linestring.LineString object at 0x0000016B10416198>, 259581502, 407681234)"
"(<shapely.geometry.linestring.LineString object at 0x0000016B03580978>, 260541174, 260541175)"
"(<shapely.geometry.linestring.LineString object at 0x0000016B06071CC0>, 5483224307, 4339536781)"
"(<shapely.geometry.linestring.LineString object at 0x0000016B0359E278>, 53020989, 5483223612)"
"(<shapely.geometry.linestring.LineString object at 0x0000016B1031ACF8>, 286080660, 53090675)"
"(<shapely.geometry.linestring.LineString object at 0x0000016B091FEFD0>, 53096076, 2086696681)"
"(<shapely.geometry.linestring.LineString object at 0x0000016B111017F0>, 56819228, 53058930)"
"(<shapely.geometry.linestring.LineString object at 0x0000016B11110B70>, 275808115, 53020974)"
"(<shapely.geometry.linestring.LineString object at 0x0000016B0DA78EB8>, 53099275, 4305382016)"
"(<shapely.geometry.linestring.LineString object at 0x0000016B135B2550>, 53103804, 3108781957)"
"(<shapely.geometry.linestring.LineString object at 0x0000016B1031A668>, 6269419115, 53080628)"
"(<shapely.geometry.linestring.LineString object at 0x0000016B0861C048>, 239617025, 53096090)"
"(<shapely.geometry.linestring.LineString object at 0x0000016B10FA6898>, 1798599557, 5484498034)"
"(<shapely.geometry.linestring.LineString object at 0x0000016B0593C9E8>, 53116963, 4070629389)"
"(<shapely.geometry.linestring.LineString object at 0x0000016B11492EB8>, 1789060525, 1789060548)"
"(<shapely.geometry.linestring.LineString object at 0x0000016B0EB9B588>, 53073464, 4305368795)"
"(<shapely.geometry.linestring.LineString object at 0x0000016B11141D68>, 5483072400, 53082191)"
"(<shapely.geometry.linestring.LineString object at 0x0000016B10FEED68>, 4169483033, 446235162)"
"(<shapely.geometry.linestring.LineString object at 0x0000016B10ED0278>, 53047341, 240448888)"
"(<shapely.geometry.linestring.LineString object at 0x0000016B10FDFBE0>, 240448956, 541005976)"
"(<shapely.geometry.linestring.LineString object at 0x0000016B10FDF438>, 240448897, 3676980355)"
"(<shapely.geometry.linestring.LineString object at 0x0000016B0F0179B0>, 53075875, 53149300)"
"(<shapely.geometry.linestring.LineString object at 0x0000016B10CAC9B0>, 3695530717, 53029038)"
"(<shapely.geometry.linestring.LineString object at 0x0000016B0FA24908>, 1762740830, 1762740838)"
"(<shapely.geometry.linestring.LineString object at 0x0000016B0295A7F0>, 407681235, 259581501)"
"(<shapely.geometry.linestring.LineString object at 0x0000016B0D83D7F0>, 275782491, 53090190)"
"(<shapely.geometry.linestring.LineString object at 0x0000016B0296C860>, 407681434, 407681443)"
"(<shapely.geometry.linestring.LineString object at 0x0000016B1031AE10>, 6330203892, 243673082)"
"(<shapely.geometry.linestring.LineString object at 0x0000016B0359E1D0>, 53020981, 5484497301)"
"(<shapely.geometry.linestring.LineString object at 0x0000016B10D7A588>, 53098219, 53116948)"
"(<shapely.geometry.linestring.LineString object at 0x0000016B0359E1D0>, 53020981, 5484497301)"
"(<shapely.geometry.linestring.LineString object at 0x0000016B02E30278>, 53093980, 53093979)"
"(<shapely.geometry.linestring.LineString object at 0x0000016B02E040F0>, 361211065, 361211106)"
"(<shapely.geometry.linestring.LineString object at 0x0000016B0FB19940>, 239616965, 2362882013)"
"(<shapely.geometry.linestring.LineString object at 0x0000016B0EBF93C8>, 53041097, 53063558)"
"(<shapely.geometry.linestring.LineString object at 0x0000016B02EE4DD8>, 53020928, 53020923)"
"(<shapely.geometry.linestring.LineString object at 0x0000016B0D84DE80>, 2065927938, 1321393772)"
"(<shapely.geometry.linestring.LineString object at 0x0000016B0D84F4E0>, 53030280, 240448880)"
"(<shapely.geometry.linestring.LineString object at 0x0000016B0F9D63C8>, 2443760108, 258761369)"
"(<shapely.geometry.linestring.LineString object at 0x0000016B0EEBCDA0>, 5483224598, 1998332204)"
"(<shapely.geometry.linestring.LineString object at 0x0000016B10D6AC88>, 53130832, 5483072546)"
"(<shapely.geometry.linestring.LineString object at 0x0000016B1148E080>, 53096092, 239617031)"
"(<shapely.geometry.linestring.LineString object at 0x0000016B10B69EF0>, 53093336, 53055171)"
"(<shapely.geometry.linestring.LineString object at 0x0000016B033F7EF0>, 53121268, 53105539)"
"(<shapely.geometry.linestring.LineString object at 0x0000016B1030C5C0>, 267632047, 52978706)"
"(<shapely.geometry.linestring.LineString object at 0x0000016B0AF21B00>, 53117367, 53055544)"
"(<shapely.geometry.linestring.LineString object at 0x0000016B10D8CB70>, 275782472, 4044850417)"
"(<shapely.geometry.linestring.LineString object at 0x0000016B0EC10780>, 275782462, 53090185)"
"(<shapely.geometry.linestring.LineString object at 0x0000016B03F86978>, 1030522453, 53082595)"
"(<shapely.geometry.linestring.LineString object at 0x0000016B083D6978>, 5483224223, 5483224120)"
"(<shapely.geometry.linestring.LineString object at 0x0000016B110E5710>, 53050568, 259581502)"
"(<shapely.geometry.linestring.LineString object at 0x0000016B0EBF2E80>, 5483224223, 5483224120)"
"(<shapely.geometry.linestring.LineString object at 0x0000016B02C5B898>, 3125358060, 5484497909)"
"(<shapely.geometry.linestring.LineString object at 0x0000016B10ED0278>, 53047341, 240448888)"
"(<shapely.geometry.linestring.LineString object at 0x0000016B0EBAAEF0>, 53041087, 4212022199)"
"(<shapely.geometry.linestring.LineString object at 0x0000016B0EB73940>, 5484498369, 53112061)"
"(<shapely.geometry.linestring.LineString object at 0x0000016B1108CDD8>, 53082205, 2676416276)"
"(<shapely.geometry.linestring.LineString object at 0x0000016B1173B898>, 53029050, 53063523)"
"(<shapely.geometry.linestring.LineString object at 0x0000016B0954F630>, 275782492, 2086720410)"
"(<shapely.geometry.linestring.LineString object at 0x0000016B0EDDD240>, 5483224293, 240448893)"
"(<shapely.geometry.linestring.LineString object at 0x0000016B02C4C390>, 53030345, 5483072587)"
"(<shapely.geometry.linestring.LineString object at 0x0000016B033F7710>, 3157659843, 53082568)"
"(<shapely.geometry.linestring.LineString object at 0x0000016B0D84B3C8>, 5486906949, 53090689)"
"(<shapely.geometry.linestring.LineString object at 0x0000016B0F023C18>, 2820169753, 5484497967)"
"(<shapely.geometry.linestring.LineString object at 0x0000016B0D8310F0>, 4169483033, 446235162)"
"(<shapely.geometry.linestring.LineString object at 0x0000016B110D57B8>, 53115965, 5483224298)"
"(<shapely.geometry.linestring.LineString object at 0x0000016B0D8206A0>, 5483072794, 5483072800)"
"(<shapely.geometry.linestring.LineString object at 0x0000016B0F9C05F8>, 3695530716, 53029041)"
"(<shapely.geometry.linestring.LineString object at 0x0000016B1031A668>, 6269419115, 53080628)"
"(<shapely.geometry.linestring.LineString object at 0x0000016B05F06668>, 3403193789, 2144915118)"
"(<shapely.geometry.linestring.LineString object at 0x0000016B10ED07F0>, 275804265, 53020976)"
"(<shapely.geometry.linestring.LineString object at 0x0000016B02EE4DD8>, 53020928, 53020923)"
"(<shapely.geometry.linestring.LineString object at 0x0000016B0EC26320>, 3403193789, 2144915118)"
"(<shapely.geometry.linestring.LineString object at 0x0000016B07CB1080>, 53096092, 239617031)"
"(<shapely.geometry.linestring.LineString object at 0x0000016B07CC8E10>, 53020979, 525866522)"
"(<shapely.geometry.linestring.LineString object at 0x0000016B11A9B208>, 3676980364, 53076866)"
"(<shapely.geometry.linestring.LineString object at 0x0000016B09200A20>, 5483224307, 4339536781)"
"(<shapely.geometry.linestring.LineString object at 0x0000016B10FA6F98>, 53048220, 53048223)"
"(<shapely.geometry.linestring.LineString object at 0x0000016B1240A978>, 53063543, 53063541)"
"(<shapely.geometry.linestring.LineString object at 0x0000016B0FB03C88>, 53068384, 53039458)"
"(<shapely.geometry.linestring.LineString object at 0x0000016B10FB6EB8>, 53048447, 53048448)"
"(<shapely.geometry.linestring.LineString object at 0x0000016B043D2BA8>, 53085616, 4192711309)"
"(<shapely.geometry.linestring.LineString object at 0x0000016B0A1A0518>, 3125358054, 165560129)"
"(<shapely.geometry.linestring.LineString object at 0x0000016B0EC052E8>, 312432798, 4264245679)"
"(<shapely.geometry.linestring.LineString object at 0x0000016B135A0400>, 53103724, 53094053)"
"(<shapely.geometry.linestring.LineString object at 0x0000016B0F023C18>, 2820169753, 5484497967)"
"(<shapely.geometry.linestring.LineString object at 0x0000016B0EC05208>, 312432788, 5484497864)"
"(<shapely.geometry.linestring.LineString object at 0x0000016B0EBF9320>, 53041095, 5061107247)"
"(<shapely.geometry.linestring.LineString object at 0x0000016B135B2550>, 53103804, 3108781957)"
"(<shapely.geometry.linestring.LineString object at 0x0000016B0F86E7B8>, 53076860, 53137844)"
"(<shapely.geometry.linestring.LineString object at 0x0000016B04574470>, 3403193789, 2144915118)"
"(<shapely.geometry.linestring.LineString object at 0x0000016B0D84D358>, 53055185, 53093345)"
"(<shapely.geometry.linestring.LineString object at 0x0000016B08606908>, 58443169, 53076852)"
"(<shapely.geometry.linestring.LineString object at 0x0000016B033F7CF8>, 53121264, 53098222)"
"(<shapely.geometry.linestring.LineString object at 0x0000016B110AA518>, 53115329, 2196215681)"
"(<shapely.geometry.linestring.LineString object at 0x0000016B114B76A0>, 57066394, 3516414498)"
"(<shapely.geometry.linestring.LineString object at 0x0000016B10FDF438>, 240448897, 3676980355)"
"(<shapely.geometry.linestring.LineString object at 0x0000016B0EBF93C8>, 53041097, 53063558)"
"(<shapely.geometry.linestring.LineString object at 0x0000016B035CB1D0>, 3180271661, 3647671449)"
"(<shapely.geometry.linestring.LineString object at 0x0000016B10FDF438>, 240448897, 3676980355)"
"(<shapely.geometry.linestring.LineString object at 0x0000016B10CBCBE0>, 5483072757, 5483072759)"
"(<shapely.geometry.linestring.LineString object at 0x0000016B1148EC18>, 88315248, 5484497904)"
"(<shapely.geometry.linestring.LineString object at 0x0000016B02C7E278>, 53096083, 53050568)"
"(<shapely.geometry.linestring.LineString object at 0x0000016B0296CEF0>, 53066173, 53066175)"
"(<shapely.geometry.linestring.LineString object at 0x0000016B091FECC0>, 1981316228, 1981316304)"
"(<shapely.geometry.linestring.LineString object at 0x0000016B033EC240>, 53055544, 5035371477)"
"(<shapely.geometry.linestring.LineString object at 0x0000016B0D84D1D0>, 53055171, 53116953)"
"(<shapely.geometry.linestring.LineString object at 0x0000016B0D84B278>, 53055160, 2476110371)"
"(<shapely.geometry.linestring.LineString object at 0x0000016B11110B70>, 275808115, 53020974)"
"(<shapely.geometry.linestring.LineString object at 0x0000016B0FA20D68>, 53070390, 394187862)"
"(<shapely.geometry.linestring.LineString object at 0x0000016B02ED09E8>, 2086696718, 53041085)"
"(<shapely.geometry.linestring.LineString object at 0x0000016B0FB19940>, 239616965, 2362882013)"
"(<shapely.geometry.linestring.LineString object at 0x0000016B09224B00>, 5483224307, 4339536781)"
"(<shapely.geometry.linestring.LineString object at 0x0000016B0AD21DA0>, 73991078, 53047303)"
"(<shapely.geometry.linestring.LineString object at 0x0000016B0D83A940>, 53055000, 56819228)"
"(<shapely.geometry.linestring.LineString object at 0x0000016B033F7EF0>, 53121268, 53105539)"
"(<shapely.geometry.linestring.LineString object at 0x0000016B02C5B748>, 1419619809, 53050565)"
"(<shapely.geometry.linestring.LineString object at 0x0000016B043AF2E8>, 53055175, 53027402)"
"(<shapely.geometry.linestring.LineString object at 0x0000016B0FB19940>, 239616965, 2362882013)"
"(<shapely.geometry.linestring.LineString object at 0x0000016B02C5B748>, 1419619809, 53050565)"
"(<shapely.geometry.linestring.LineString object at 0x0000016B0EBF3828>, 2086712241, 2086712232)"
"(<shapely.geometry.linestring.LineString object at 0x0000016B083D64E0>, 5483072774, 5483072779)"
"(<shapely.geometry.linestring.LineString object at 0x0000016B11A9BC50>, 308299006, 308299007)"
"(<shapely.geometry.linestring.LineString object at 0x0000016B07CD8E80>, 5483224223, 5483224120)"
"(<shapely.geometry.linestring.LineString object at 0x0000016B07CDC470>, 53055179, 1938181920)"
"(<shapely.geometry.linestring.LineString object at 0x0000016B0EB84B70>, 53020985, 1250649525)"
"(<shapely.geometry.linestring.LineString object at 0x0000016B10FDFBE0>, 240448956, 541005976)"
"(<shapely.geometry.linestring.LineString object at 0x0000016B0F9A3A20>, 2415284462, 53103280)"
"(<shapely.geometry.linestring.LineString object at 0x0000016B0F9BA550>, 53072260, 53072262)"
"(<shapely.geometry.linestring.LineString object at 0x0000016B136CB0F0>, 53082573, 2086696582)"
"(<shapely.geometry.linestring.LineString object at 0x0000016B10D8CB70>, 275782472, 4044850417)"
"(<shapely.geometry.linestring.LineString object at 0x0000016B10FA6898>, 1798599557, 5484498034)"
"(<shapely.geometry.linestring.LineString object at 0x0000016B03F86518>, 687179393, 53055503)"
"(<shapely.geometry.linestring.LineString object at 0x0000016B10867E80>, 53029733, 53029736)"
"(<shapely.geometry.linestring.LineString object at 0x0000016B02EE4F60>, 53020929, 53020930)"
"(<shapely.geometry.linestring.LineString object at 0x0000016B02E04C50>, 53126424, 5487138096)"
"(<shapely.geometry.linestring.LineString object at 0x0000016B02E3D0F0>, 288991096, 288991095)"
"(<shapely.geometry.linestring.LineString object at 0x0000016B086C3080>, 53085618, 5484497885)"
"(<shapely.geometry.linestring.LineString object at 0x0000016B0F86EE10>, 53076875, 53111886)"
"(<shapely.geometry.linestring.LineString object at 0x0000016B0F9D63C8>, 2443760108, 258761369)"
"(<shapely.geometry.linestring.LineString object at 0x0000016B0EDEDC50>, 53042650, 4678949739)"
"(<shapely.geometry.linestring.LineString object at 0x0000016B09F26860>, 275782492, 2086720410)"
"(<shapely.geometry.linestring.LineString object at 0x0000016B0DA99438>, 2420456633, 53122850)"
"(<shapely.geometry.linestring.LineString object at 0x0000016B12419550>, 53063572, 53055494)"
"(<shapely.geometry.linestring.LineString object at 0x0000016B0296CEF0>, 53066173, 53066175)"
"(<shapely.geometry.linestring.LineString object at 0x0000016B0EC1CE10>, 4169483033, 446235162)"
"(<shapely.geometry.linestring.LineString object at 0x0000016B0EB94BA8>, 275786806, 275787147)"
"(<shapely.geometry.linestring.LineString object at 0x0000016B0DA78EB8>, 53099275, 4305382016)"
"(<shapely.geometry.linestring.LineString object at 0x0000016B1091B320>, 3200739869, 53111887)"
"(<shapely.geometry.linestring.LineString object at 0x0000016B12D2C7B8>, 53125302, 5483224676)"
"(<shapely.geometry.linestring.LineString object at 0x0000016B0D831CC0>, 4169483033, 446235162)"
"(<shapely.geometry.linestring.LineString object at 0x0000016B10FA6898>, 1798599557, 5484498034)"
"(<shapely.geometry.linestring.LineString object at 0x0000016B13191048>, 3403193789, 2144915118)"
"(<shapely.geometry.linestring.LineString object at 0x0000016B1109BEB8>, 537229690, 53082741)"
"(<shapely.geometry.linestring.LineString object at 0x0000016B07CD0C88>, 5483224223, 5483224120)"
"(<shapely.geometry.linestring.LineString object at 0x0000016B0DA78EB8>, 53099275, 4305382016)"
"(<shapely.geometry.linestring.LineString object at 0x0000016B035EF2E8>, 440605082, 53082209)"
"(<shapely.geometry.linestring.LineString object at 0x0000016B136D4208>, 2476110380, 2476110389)"
"(<shapely.geometry.linestring.LineString object at 0x0000016B0EBF9240>, 53041093, 53063555)"
"(<shapely.geometry.linestring.LineString object at 0x0000016B0AF21E10>, 53117380, 240469700)"
"(<shapely.geometry.linestring.LineString object at 0x0000016B0296CA58>, 53066172, 53082565)"
"(<shapely.geometry.linestring.LineString object at 0x0000016B1148C0B8>, 53047301, 53064667)"
"(<shapely.geometry.linestring.LineString object at 0x0000016B0EB8E1D0>, 53040391, 53030498)"
"(<shapely.geometry.linestring.LineString object at 0x0000016B0EED9898>, 2644106917, 5487191677)"
"(<shapely.geometry.linestring.LineString object at 0x0000016B0296C320>, 407681378, 53020970)"
"(<shapely.geometry.linestring.LineString object at 0x0000016B0FA9A3C8>, 5484497304, 53070407)"
"(<shapely.geometry.linestring.LineString object at 0x0000016B10939D68>, 53111888, 6330204046)"
"(<shapely.geometry.linestring.LineString object at 0x0000016B10FD1C18>, 240448859, 240448846)"
"(<shapely.geometry.linestring.LineString object at 0x0000016B135B2550>, 53103804, 3108781957)"
"(<shapely.geometry.linestring.LineString object at 0x0000016B10867BE0>, 53029730, 5483224564)"
"(<shapely.geometry.linestring.LineString object at 0x0000016B10ED07F0>, 275804265, 53020976)"
"(<shapely.geometry.linestring.LineString object at 0x0000016B10FDFDD8>, 240448958, 53096083)"
"(<shapely.geometry.linestring.LineString object at 0x0000016B10867BE0>, 53029730, 5483224564)"
"(<shapely.geometry.linestring.LineString object at 0x0000016B043D29E8>, 4169483033, 446235162)"
"(<shapely.geometry.linestring.LineString object at 0x0000016B02C5B278>, 53030348, 53055561)"
"(<shapely.geometry.linestring.LineString object at 0x0000016B0D84FFD0>, 2086712241, 2086712232)"
"(<shapely.geometry.linestring.LineString object at 0x0000016B1031A668>, 6269419115, 53080628)"
"(<shapely.geometry.linestring.LineString object at 0x0000016B0DA78CF8>, 53066465, 2820169751)"
"(<shapely.geometry.linestring.LineString object at 0x0000016B10FDF438>, 240448897, 3676980355)"
"(<shapely.geometry.linestring.LineString object at 0x0000016B1111E550>, 53084126, 53084125)"
"(<shapely.geometry.linestring.LineString object at 0x0000016B10ED0278>, 53047341, 240448888)"
"(<shapely.geometry.linestring.LineString object at 0x0000016B10C47588>, 53079150, 5484497866)"
"(<shapely.geometry.linestring.LineString object at 0x0000016B1111E5C0>, 53084126, 5483224053)"
"(<shapely.geometry.linestring.LineString object at 0x0000016B07CD8940>, 53055181, 1938181933)"
"(<shapely.geometry.linestring.LineString object at 0x0000016B0F023C18>, 2820169753, 5484497967)"
"(<shapely.geometry.linestring.LineString object at 0x0000016B02C7E278>, 53096083, 53050568)"
"(<shapely.geometry.linestring.LineString object at 0x0000016B1031A668>, 6269419115, 53080628)"
"(<shapely.geometry.linestring.LineString object at 0x0000016B0FB03BA8>, 53068381, 53066172)"
"(<shapely.geometry.linestring.LineString object at 0x0000016B043C3D30>, 3701214778, 53076879)"
"(<shapely.geometry.linestring.LineString object at 0x0000016B0F873E10>, 53086181, 99333139)"
"(<shapely.geometry.linestring.LineString object at 0x0000016B11059860>, 525866556, 53041093)"
"(<shapely.geometry.linestring.LineString object at 0x0000016B02E21080>, 2967316052, 532750784)"
"(<shapely.geometry.linestring.LineString object at 0x0000016B10DB5C88>, 53091864, 53134496)"
"(<shapely.geometry.linestring.LineString object at 0x0000016B103D1FD0>, 240469705, 5487138113)"
"(<shapely.geometry.linestring.LineString object at 0x0000016B10910EB8>, 3813042631, 53063547)"
"(<shapely.geometry.linestring.LineString object at 0x0000016B103D1DD8>, 240469703, 5487138116)"
"(<shapely.geometry.linestring.LineString object at 0x0000016B1106AB70>, 5487138208, 5487138210)"
"(<shapely.geometry.linestring.LineString object at 0x0000016B09F5F940>, 2086696718, 53041085)"
"(<shapely.geometry.linestring.LineString object at 0x0000016B111017F0>, 56819228, 53058930)"
"(<shapely.geometry.linestring.LineString object at 0x0000016B0EC05160>, 312432782, 312432776)"
"(<shapely.geometry.linestring.LineString object at 0x0000016B0FAE39B0>, 53035181, 53111889)"
"(<shapely.geometry.linestring.LineString object at 0x0000016B0FB19940>, 239616965, 2362882013)"
"(<shapely.geometry.linestring.LineString object at 0x0000016B10B57358>, 53060256, 5483224641)"
"(<shapely.geometry.linestring.LineString object at 0x0000016B10FD1C18>, 240448859, 240448846)"
"(<shapely.geometry.linestring.LineString object at 0x0000016B1106AA58>, 5487138198, 92951404)"
"(<shapely.geometry.linestring.LineString object at 0x0000016B103EB550>, 240469798, 5483224307)"
"(<shapely.geometry.linestring.LineString object at 0x0000016B035BD780>, 2196215691, 53138900)"
"(<shapely.geometry.linestring.LineString object at 0x0000016B043C82B0>, 275782491, 53090190)"
"(<shapely.geometry.linestring.LineString object at 0x0000016B103D1DD8>, 240469703, 5487138116)"
"(<shapely.geometry.linestring.LineString object at 0x0000016B114B7588>, 2820169750, 2820169742)"
"(<shapely.geometry.linestring.LineString object at 0x0000016B10C75588>, 2010214233, 2010214243)"
"(<shapely.geometry.linestring.LineString object at 0x0000016B0F890400>, 4169483033, 446235162)"
"(<shapely.geometry.linestring.LineString object at 0x0000016B136C0828>, 240404660, 1994957642)"
"(<shapely.geometry.linestring.LineString object at 0x0000016B0295A7F0>, 407681235, 259581501)"
"(<shapely.geometry.linestring.LineString object at 0x0000016B08940E10>, 275777736, 275773206)"
"(<shapely.geometry.linestring.LineString object at 0x0000016B1092C940>, 5483224282, 288991099)"
"(<shapely.geometry.linestring.LineString object at 0x0000016B10D7A7F0>, 53098225, 1981316288)"
"(<shapely.geometry.linestring.LineString object at 0x0000016B0F881A20>, 1996736268, 53090189)"
"(<shapely.geometry.linestring.LineString object at 0x0000016B1114AAC8>, 5483072734, 53114425)"
"(<shapely.geometry.linestring.LineString object at 0x0000016B0D8309B0>, 1996736268, 53090189)"
"(<shapely.geometry.linestring.LineString object at 0x0000016B11717588>, 243673084, 1613874190)"
"(<shapely.geometry.linestring.LineString object at 0x0000016B104073C8>, 259581498, 407681331)"
"(<shapely.geometry.linestring.LineString object at 0x0000016B135B2550>, 53103804, 3108781957)"
"(<shapely.geometry.linestring.LineString object at 0x0000016B0EBF3198>, 53064849, 52989421)"
"(<shapely.geometry.linestring.LineString object at 0x0000016B0AF21B00>, 53117367, 53055544)"
"(<shapely.geometry.linestring.LineString object at 0x0000016B0FA42E48>, 53037903, 53037905)"
"(<shapely.geometry.linestring.LineString object at 0x0000016B10FEE4A8>, 4169483033, 446235162)"
"(<shapely.geometry.linestring.LineString object at 0x0000016B0D84F128>, 53076853, 53076855)"
"(<shapely.geometry.linestring.LineString object at 0x0000016B0FB19940>, 239616965, 2362882013)"
"(<shapely.geometry.linestring.LineString object at 0x0000016B02E30278>, 53093980, 53093979)"
"(<shapely.geometry.linestring.LineString object at 0x0000016B10B574E0>, 53060268, 53060270)"
"(<shapely.geometry.linestring.LineString object at 0x0000016B0D831828>, 53093983, 243673089)"
"(<shapely.geometry.linestring.LineString object at 0x0000016B1092C940>, 5483224282, 288991099)"
"(<shapely.geometry.linestring.LineString object at 0x0000016B13191C50>, 53030346, 4213511009)"
"(<shapely.geometry.linestring.LineString object at 0x0000016B0EBF9080>, 312432770, 312432780)"
"(<shapely.geometry.linestring.LineString object at 0x0000016B110AAFD0>, 53082594, 53082593)"
"(<shapely.geometry.linestring.LineString object at 0x0000016B0FA51400>, 53037923, 53037921)"
"(<shapely.geometry.linestring.LineString object at 0x0000016B1240AD68>, 53063553, 53041092)"
"(<shapely.geometry.linestring.LineString object at 0x0000016B0EBAA320>, 53040923, 53040925)"
"(<shapely.geometry.linestring.LineString object at 0x0000016B10416198>, 259581502, 407681234)"
"(<shapely.geometry.linestring.LineString object at 0x0000016B0DA78EB8>, 53099275, 4305382016)"
"(<shapely.geometry.linestring.LineString object at 0x0000016B1114A2E8>, 5483072740, 3575317820)"
"(<shapely.geometry.linestring.LineString object at 0x0000016B0D84DE80>, 2065927938, 1321393772)"
"(<shapely.geometry.linestring.LineString object at 0x0000016B11115C50>, 53020979, 525866522)"
"(<shapely.geometry.linestring.LineString object at 0x0000016B0F023748>, 53108749, 53082545)"
"(<shapely.geometry.linestring.LineString object at 0x0000016B0D820198>, 53021954, 53021953)"
"(<shapely.geometry.linestring.LineString object at 0x0000016B110C60F0>, 53082750, 53020977)"
"(<shapely.geometry.linestring.LineString object at 0x0000016B1148B1D0>, 57066394, 3516414498)"
"(<shapely.geometry.linestring.LineString object at 0x0000016B0922C208>, 4213511046, 53083136)"
"(<shapely.geometry.linestring.LineString object at 0x0000016B1240AE10>, 53063555, 4124193246)"
"(<shapely.geometry.linestring.LineString object at 0x0000016B0296C320>, 407681378, 53020970)"
"(<shapely.geometry.linestring.LineString object at 0x0000016B10DB51D0>, 53091836, 53112054)"
"(<shapely.geometry.linestring.LineString object at 0x0000016B135A0E10>, 5484498063, 240469698)"
"(<shapely.geometry.linestring.LineString object at 0x0000016B10ED07F0>, 275804265, 53020976)"
"(<shapely.geometry.linestring.LineString object at 0x0000016B0359E160>, 53020981, 53020985)"
"(<shapely.geometry.linestring.LineString object at 0x0000016B10C75588>, 2010214233, 2010214243)"
"(<shapely.geometry.linestring.LineString object at 0x0000016B0FA9A3C8>, 5484497304, 53070407)"
"(<shapely.geometry.linestring.LineString object at 0x0000016B11AA9EB8>, 261735848, 53050595)"
"(<shapely.geometry.linestring.LineString object at 0x0000016B0EEBCC18>, 5483224585, 53029728)"
"(<shapely.geometry.linestring.LineString object at 0x0000016B07CB31D0>, 3403193789, 2144915118)"
"(<shapely.geometry.linestring.LineString object at 0x0000016B0EBF9320>, 53041095, 5061107247)"
"(<shapely.geometry.linestring.LineString object at 0x0000016B10D6AA58>, 53130824, 5484498210)"
"(<shapely.geometry.linestring.LineString object at 0x0000016B043D26D8>, 4188788120, 53124036)"
"(<shapely.geometry.linestring.LineString object at 0x0000016B135B2550>, 53103804, 3108781957)"
"(<shapely.geometry.linestring.LineString object at 0x0000016B04C17EF0>, 3403193789, 2144915118)"
"(<shapely.geometry.linestring.LineString object at 0x0000016B0FA248D0>, 53070452, 53076845)"
"(<shapely.geometry.linestring.LineString object at 0x0000016B0295A6A0>, 407681229, 53096078)"
"(<shapely.geometry.linestring.LineString object at 0x0000016B0FB19940>, 239616965, 2362882013)"
"(<shapely.geometry.linestring.LineString object at 0x0000016B0EDCF2B0>, 5483224238, 57066388)"
"(<shapely.geometry.linestring.LineString object at 0x0000016B02C5B748>, 1419619809, 53050565)"
"(<shapely.geometry.linestring.LineString object at 0x0000016B1108CDD8>, 53082205, 2676416276)"
"(<shapely.geometry.linestring.LineString object at 0x0000016B11717EF0>, 243673125, 5483224488)"
"(<shapely.geometry.linestring.LineString object at 0x0000016B0DA78EB8>, 53099275, 4305382016)"
"(<shapely.geometry.linestring.LineString object at 0x0000016B10FD1C18>, 240448859, 240448846)"
"(<shapely.geometry.linestring.LineString object at 0x0000016B0FB192B0>, 2010268535, 2327822491)"
"(<shapely.geometry.linestring.LineString object at 0x0000016B10407320>, 259581496, 407681380)"
"(<shapely.geometry.linestring.LineString object at 0x0000016B111017F0>, 56819228, 53058930)"
"(<shapely.geometry.linestring.LineString object at 0x0000016B02E040F0>, 361211065, 361211106)"
"(<shapely.geometry.linestring.LineString object at 0x0000016B1240A780>, 53063545, 53063547)"
"(<shapely.geometry.linestring.LineString object at 0x0000016B04574860>, 53020979, 525866522)"
"(<shapely.geometry.linestring.LineString object at 0x0000016B0FB19940>, 239616965, 2362882013)"
"(<shapely.geometry.linestring.LineString object at 0x0000016B10416198>, 259581502, 407681234)"
"(<shapely.geometry.linestring.LineString object at 0x0000016B035E4D68>, 53090680, 52978704)"
"(<shapely.geometry.linestring.LineString object at 0x0000016B0FB03630>, 3215213027, 53085628)"
"(<shapely.geometry.linestring.LineString object at 0x0000016B12419550>, 53063572, 53055494)"
"(<shapely.geometry.linestring.LineString object at 0x0000016B09F5F2B0>, 343604675, 5413961865)"
"(<shapely.geometry.linestring.LineString object at 0x0000016B1240AE10>, 53063555, 4124193246)"
"(<shapely.geometry.linestring.LineString object at 0x0000016B1033CE48>, 230899740, 312432704)"
"(<shapely.geometry.linestring.LineString object at 0x0000016B0AF21DA0>, 53117382, 53088359)"
"(<shapely.geometry.linestring.LineString object at 0x0000016B033EC630>, 53055556, 53064860)"
"(<shapely.geometry.linestring.LineString object at 0x0000016B033F7BA8>, 53121257, 307508301)"
"(<shapely.geometry.linestring.LineString object at 0x0000016B1091B320>, 3200739869, 53111887)"
"(<shapely.geometry.linestring.LineString object at 0x0000016B08264C50>, 2086720406, 275782450)"
"(<shapely.geometry.linestring.LineString object at 0x0000016B1108CAC8>, 53082196, 53146070)"
"(<shapely.geometry.linestring.LineString object at 0x0000016B135B2550>, 53103804, 3108781957)"
"(<shapely.geometry.linestring.LineString object at 0x0000016B03580978>, 260541174, 260541175)"
"(<shapely.geometry.linestring.LineString object at 0x0000016B0DA78EB8>, 53099275, 4305382016)"
"(<shapely.geometry.linestring.LineString object at 0x0000016B0DA99438>, 2420456633, 53122850)"
"(<shapely.geometry.linestring.LineString object at 0x0000016B0359E278>, 53020989, 5483223612)"
"(<shapely.geometry.linestring.LineString object at 0x0000016B111410F0>, 5483072335, 53091826)"
"(<shapely.geometry.linestring.LineString object at 0x0000016B0FA62FD0>, 1762740466, 5487138165)"
"(<shapely.geometry.linestring.LineString object at 0x0000016B1318C390>, 53030349, 53055563)"
"(<shapely.geometry.linestring.LineString object at 0x0000016B0EBF9240>, 53041093, 53063555)"
"(<shapely.geometry.linestring.LineString object at 0x0000016B0D830400>, 53037907, 2086696624)"
"(<shapely.geometry.linestring.LineString object at 0x0000016B10FB6E48>, 53048449, 2638736383)"
"(<shapely.geometry.linestring.LineString object at 0x0000016B0EEBC240>, 53042659, 53055187)"
"(<shapely.geometry.linestring.LineString object at 0x0000016B10EC1320>, 53047336, 53042648)"
"(<shapely.geometry.linestring.LineString object at 0x0000016B12419BE0>, 4927326195, 4927326214)"
"(<shapely.geometry.linestring.LineString object at 0x0000016B0FA62FD0>, 1762740466, 5487138165)"
"(<shapely.geometry.linestring.LineString object at 0x0000016B0F88E2B0>, 53109978, 4235206835)"
"(<shapely.geometry.linestring.LineString object at 0x0000016B0296C320>, 407681378, 53020970)"
"(<shapely.geometry.linestring.LineString object at 0x0000016B0EB9B588>, 53073464, 4305368795)"
"(<shapely.geometry.linestring.LineString object at 0x0000016B1240A128>, 53063523, 243673107)"
"(<shapely.geometry.linestring.LineString object at 0x0000016B0A8647F0>, 53055179, 1938181920)"
"(<shapely.geometry.linestring.LineString object at 0x0000016B0DA78EB8>, 53099275, 4305382016)"
"(<shapely.geometry.linestring.LineString object at 0x0000016B0FB13860>, 3652928277, 53063558)"
"(<shapely.geometry.linestring.LineString object at 0x0000016B0FB19940>, 239616965, 2362882013)"
"(<shapely.geometry.linestring.LineString object at 0x0000016B10CACC18>, 2010214231, 2010214253)"
"(<shapely.geometry.linestring.LineString object at 0x0000016B035B1748>, 53122851, 3221161739)"
"(<shapely.geometry.linestring.LineString object at 0x0000016B03F86518>, 687179393, 53055503)"
"(<shapely.geometry.linestring.LineString object at 0x0000016B04C132B0>, 53064850, 5483072757)"
"(<shapely.geometry.linestring.LineString object at 0x0000016B0EC052E8>, 312432798, 4264245679)"
"(<shapely.geometry.linestring.LineString object at 0x0000016B086C3588>, 53085622, 3125358030)"
"(<shapely.geometry.linestring.LineString object at 0x0000016B0D84D550>, 53055191, 53055189)"
"(<shapely.geometry.linestring.LineString object at 0x0000016B10ED04E0>, 53047347, 53047348)"
"(<shapely.geometry.linestring.LineString object at 0x0000016B110AA4A8>, 53115327, 239500928)"
"(<shapely.geometry.linestring.LineString object at 0x0000016B10FEE6D8>, 4169483033, 446235162)"
"(<shapely.geometry.linestring.LineString object at 0x0000016B04C0DC50>, 240469705, 53050641)"
"(<shapely.geometry.linestring.LineString object at 0x0000016B09F4ACC0>, 240469619, 53050621)"
"(<shapely.geometry.linestring.LineString object at 0x0000016B043C39B0>, 5483072539, 243670952)"
"(<shapely.geometry.linestring.LineString object at 0x0000016B0D84B470>, 53055170, 53055171)"
"(<shapely.geometry.linestring.LineString object at 0x0000016B02C4C390>, 53030345, 5483072587)"
"(<shapely.geometry.linestring.LineString object at 0x0000016B0DA78EB8>, 53099275, 4305382016)"
"(<shapely.geometry.linestring.LineString object at 0x0000016B13191908>, 53085614, 2086696535)"
"(<shapely.geometry.linestring.LineString object at 0x0000016B04C1F208>, 5483072770, 53125299)"
"(<shapely.geometry.linestring.LineString object at 0x0000016B10867BE0>, 53029730, 5483224564)"
"(<shapely.geometry.linestring.LineString object at 0x0000016B0F039048>, 4169483033, 446235162)"
"(<shapely.geometry.linestring.LineString object at 0x0000016B114B7240>, 239616965, 53055193)"
"(<shapely.geometry.linestring.LineString object at 0x0000016B10FF9860>, 53058793, 1948572290)"
"(<shapely.geometry.linestring.LineString object at 0x0000016B1031A668>, 6269419115, 53080628)"
"(<shapely.geometry.linestring.LineString object at 0x0000016B135B2550>, 53103804, 3108781957)"
"(<shapely.geometry.linestring.LineString object at 0x0000016B0F9C05F8>, 3695530716, 53029041)"
"(<shapely.geometry.linestring.LineString object at 0x0000016B0FB19940>, 239616965, 2362882013)"
"(<shapely.geometry.linestring.LineString object at 0x0000016B10FDFBE0>, 240448956, 541005976)"
"(<shapely.geometry.linestring.LineString object at 0x0000016B1148B908>, 53055157, 5483224619)"
"(<shapely.geometry.linestring.LineString object at 0x0000016B10853940>, 53062056, 1948572297)"
"(<shapely.geometry.linestring.LineString object at 0x0000016B0D84D1D0>, 53055171, 53116953)"
"(<shapely.geometry.linestring.LineString object at 0x0000016B0FB03E48>, 53068396, 2086720430)"
"(<shapely.geometry.linestring.LineString object at 0x0000016B0359E1D0>, 53020981, 5484497301)"
"(<shapely.geometry.linestring.LineString object at 0x0000016B10FDF438>, 240448897, 3676980355)"
"(<shapely.geometry.linestring.LineString object at 0x0000016B0EDED828>, 5483224506, 240448882)"
"(<shapely.geometry.linestring.LineString object at 0x0000016B110E5710>, 53050568, 259581502)"
"(<shapely.geometry.linestring.LineString object at 0x0000016B0F89CAC8>, 1250649525, 53020987)"
"(<shapely.geometry.linestring.LineString object at 0x0000016B10D8CB70>, 275782472, 4044850417)"
"(<shapely.geometry.linestring.LineString object at 0x0000016B10FD1C18>, 240448859, 240448846)"
"(<shapely.geometry.linestring.LineString object at 0x0000016B0F9D63C8>, 2443760108, 258761369)"
"(<shapely.geometry.linestring.LineString object at 0x0000016B1108CDD8>, 53082205, 2676416276)"
"(<shapely.geometry.linestring.LineString object at 0x0000016B0FB19940>, 239616965, 2362882013)"
"(<shapely.geometry.linestring.LineString object at 0x0000016B10D6AC88>, 53130832, 5483072546)"
"(<shapely.geometry.linestring.LineString object at 0x0000016B0FA20D68>, 53070390, 394187862)"
"(<shapely.geometry.linestring.LineString object at 0x0000016B02C7E278>, 53096083, 53050568)"
"(<shapely.geometry.linestring.LineString object at 0x0000016B02C4C128>, 53030345, 3573558016)"
"(<shapely.geometry.linestring.LineString object at 0x0000016B0295A7F0>, 407681235, 259581501)"
"(<shapely.geometry.linestring.LineString object at 0x0000016B0869E4A8>, 2184578204, 5487138023)"
"(<shapely.geometry.linestring.LineString object at 0x0000016B1240AE48>, 53063553, 2629421625)"
"(<shapely.geometry.linestring.LineString object at 0x0000016B10D9E550>, 53025955, 53025951)"
"(<shapely.geometry.linestring.LineString object at 0x0000016B10416198>, 259581502, 407681234)"
"(<shapely.geometry.linestring.LineString object at 0x0000016B02E30278>, 53093980, 53093979)"
"(<shapely.geometry.linestring.LineString object at 0x0000016B10ED0278>, 53047341, 240448888)"
"(<shapely.geometry.linestring.LineString object at 0x0000016B10ED0278>, 53047341, 240448888)"
"(<shapely.geometry.linestring.LineString object at 0x0000016B11480978>, 5483224608, 74261393)"
"(<shapely.geometry.linestring.LineString object at 0x0000016B0295A9B0>, 407681274, 407681275)"
"(<shapely.geometry.linestring.LineString object at 0x0000016B086582B0>, 4213511046, 53083136)"
"(<shapely.geometry.linestring.LineString object at 0x0000016B0EDB1A58>, 53107634, 243673142)"
"(<shapely.geometry.linestring.LineString object at 0x0000016B10D6AC88>, 53130832, 5483072546)"
"(<shapely.geometry.linestring.LineString object at 0x0000016B02C7E358>, 53096092, 2681821366)"
"(<shapely.geometry.linestring.LineString object at 0x0000016B10416198>, 259581502, 407681234)"
"(<shapely.geometry.linestring.LineString object at 0x0000016B131A8BA8>, 5487138038, 53126429)"
"(<shapely.geometry.linestring.LineString object at 0x0000016B10D8CC50>, 275782489, 275777901)"
"(<shapely.geometry.linestring.LineString object at 0x0000016B089400B8>, 53024603, 53024602)"
"(<shapely.geometry.linestring.LineString object at 0x0000016B10EC1C50>, 53047327, 53047330)"
"(<shapely.geometry.linestring.LineString object at 0x0000016B10D7A748>, 53098222, 1981316241)"
"(<shapely.geometry.linestring.LineString object at 0x0000016B0EDCF2B0>, 5483224238, 57066388)"
"(<shapely.geometry.linestring.LineString object at 0x0000016B02C7E278>, 53096083, 53050568)"
"(<shapely.geometry.linestring.LineString object at 0x0000016B10D40240>, 53064855, 3575316344)"
"(<shapely.geometry.linestring.LineString object at 0x0000016B0EBF91D0>, 53041090, 53063551)"
"(<shapely.geometry.linestring.LineString object at 0x0000016B11A9B358>, 53134495, 53082198)"
"(<shapely.geometry.linestring.LineString object at 0x0000016B0F87C9E8>, 52978706, 267632047)"
"(<shapely.geometry.linestring.LineString object at 0x0000016B0FA422E8>, 1762740900, 2908411319)"
"(<shapely.geometry.linestring.LineString object at 0x0000016B104070F0>, 259581495, 407681404)"
"(<shapely.geometry.linestring.LineString object at 0x0000016B0358AF60>, 53020977, 5484497297)"
"(<shapely.geometry.linestring.LineString object at 0x0000016B0EB73B38>, 53093343, 53076864)"
"(<shapely.geometry.linestring.LineString object at 0x0000016B10FF9240>, 53040930, 53091860)"
"(<shapely.geometry.linestring.LineString object at 0x0000016B0EB9B588>, 53073464, 4305368795)"
"(<shapely.geometry.linestring.LineString object at 0x0000016B0FB13860>, 3652928277, 53063558)"
"(<shapely.geometry.linestring.LineString object at 0x0000016B11141208>, 5483072342, 53107080)"
"(<shapely.geometry.linestring.LineString object at 0x0000016B0FA422E8>, 1762740900, 2908411319)"
"(<shapely.geometry.linestring.LineString object at 0x0000016B086C3320>, 53085623, 53103280)"
"(<shapely.geometry.linestring.LineString object at 0x0000016B0EB9B588>, 53073464, 4305368795)"
"(<shapely.geometry.linestring.LineString object at 0x0000016B1031A668>, 6269419115, 53080628)"
"(<shapely.geometry.linestring.LineString object at 0x0000016B136CBDA0>, 4605234609, 4604538712)"
"(<shapely.geometry.linestring.LineString object at 0x0000016B0D84B470>, 53055170, 53055171)"
"(<shapely.geometry.linestring.LineString object at 0x0000016B035CB1D0>, 3180271661, 3647671449)"
"(<shapely.geometry.linestring.LineString object at 0x0000016B0EB94A20>, 1789060525, 1789060548)"
"(<shapely.geometry.linestring.LineString object at 0x0000016B09F2D128>, 53085626, 53085623)"
"(<shapely.geometry.linestring.LineString object at 0x0000016B07CD8F98>, 5484498369, 53112061)"
"(<shapely.geometry.linestring.LineString object at 0x0000016B086C3048>, 53085639, 53079132)"
"(<shapely.geometry.linestring.LineString object at 0x0000016B10D7A358>, 53098211, 5483072633)"
"(<shapely.geometry.linestring.LineString object at 0x0000016B0EC0C6D8>, 4169483033, 446235162)"
"(<shapely.geometry.linestring.LineString object at 0x0000016B0D84D860>, 53055194, 53055195)"
"(<shapely.geometry.linestring.LineString object at 0x0000016B0F89CAC8>, 1250649525, 53020987)"
"(<shapely.geometry.linestring.LineString object at 0x0000016B033F7828>, 239669505, 53119344)"
"(<shapely.geometry.linestring.LineString object at 0x0000016B0F04E588>, 258761358, 53093337)"
"(<shapely.geometry.linestring.LineString object at 0x0000016B135B2550>, 53103804, 3108781957)"
"(<shapely.geometry.linestring.LineString object at 0x0000016B11110B70>, 275808115, 53020974)"
"(<shapely.geometry.linestring.LineString object at 0x0000016B0FB19940>, 239616965, 2362882013)"
"(<shapely.geometry.linestring.LineString object at 0x0000016B136C0898>, 57066394, 3516414498)"
"(<shapely.geometry.linestring.LineString object at 0x0000016B07CD8B70>, 57066394, 3516414498)"
"(<shapely.geometry.linestring.LineString object at 0x0000016B0EBF9240>, 53041093, 53063555)"
"(<shapely.geometry.linestring.LineString object at 0x0000016B104354E0>, 4544260190, 243673115)"
"(<shapely.geometry.linestring.LineString object at 0x0000016B135B2550>, 53103804, 3108781957)"
"(<shapely.geometry.linestring.LineString object at 0x0000016B11101978>, 53149317, 53062886)"
"(<shapely.geometry.linestring.LineString object at 0x0000016B0EBAADD8>, 53041090, 53041088)"
"(<shapely.geometry.linestring.LineString object at 0x0000016B0AF21DA0>, 53117382, 53088359)"
"(<shapely.geometry.linestring.LineString object at 0x0000016B083D0CF8>, 53020985, 1250649525)"
"(<shapely.geometry.linestring.LineString object at 0x0000016B10FDF438>, 240448897, 3676980355)"
"(<shapely.geometry.linestring.LineString object at 0x0000016B035CBE10>, 541005965, 56856544)"
"(<shapely.geometry.linestring.LineString object at 0x0000016B10407320>, 259581496, 407681380)"
"(<shapely.geometry.linestring.LineString object at 0x0000016B0922C320>, 53096092, 239617031)"
"(<shapely.geometry.linestring.LineString object at 0x0000016B1106AA58>, 5487138198, 92951404)"
"(<shapely.geometry.linestring.LineString object at 0x0000016B0EB9B588>, 53073464, 4305368795)"
"(<shapely.geometry.linestring.LineString object at 0x0000016B033D55F8>, 239669179, 3356956823)"
"(<shapely.geometry.linestring.LineString object at 0x0000016B0DA78EB8>, 53099275, 4305382016)"
"(<shapely.geometry.linestring.LineString object at 0x0000016B136C0780>, 5483224655, 53112054)"
"(<shapely.geometry.linestring.LineString object at 0x0000016B033ECB38>, 53088331, 56063268)"
"(<shapely.geometry.linestring.LineString object at 0x0000016B0D83B128>, 53039503, 4098668384)"
"(<shapely.geometry.linestring.LineString object at 0x0000016B09F5F6A0>, 5483224223, 5483224120)"
"(<shapely.geometry.linestring.LineString object at 0x0000016B110B8550>, 53082604, 394180419)"
"(<shapely.geometry.linestring.LineString object at 0x0000016B03F86978>, 1030522453, 53082595)"
"(<shapely.geometry.linestring.LineString object at 0x0000016B0FB19940>, 239616965, 2362882013)"
"(<shapely.geometry.linestring.LineString object at 0x0000016B0EC10630>, 53047301, 53064667)"
"(<shapely.geometry.linestring.LineString object at 0x0000016B1108CDD8>, 53082205, 2676416276)"
"(<shapely.geometry.linestring.LineString object at 0x0000016B0EB9B320>, 4305376805, 239669186)"
"(<shapely.geometry.linestring.LineString object at 0x0000016B12D2C7B8>, 53125302, 5483224676)"
"(<shapely.geometry.linestring.LineString object at 0x0000016B02C5B358>, 53030351, 240448938)"
"(<shapely.geometry.linestring.LineString object at 0x0000016B1240A8D0>, 53063543, 53063545)"
"(<shapely.geometry.linestring.LineString object at 0x0000016B0D85FFD0>, 57066394, 3516414498)"
"(<shapely.geometry.linestring.LineString object at 0x0000016B135A0240>, 5484498021, 53076878)"
"(<shapely.geometry.linestring.LineString object at 0x0000016B02EE4BE0>, 53020919, 53020918)"
"(<shapely.geometry.linestring.LineString object at 0x0000016B0A1C37B8>, 5483072770, 53125299)"
"(<shapely.geometry.linestring.LineString object at 0x0000016B0D8455C0>, 4213511046, 53083136)"
"(<shapely.geometry.linestring.LineString object at 0x0000016B10FDF438>, 240448897, 3676980355)"
"(<shapely.geometry.linestring.LineString object at 0x0000016B110D5550>, 87358434, 53021415)"
"(<shapely.geometry.linestring.LineString object at 0x0000016B135A0BA8>, 5484498050, 283296781)"
"(<shapely.geometry.linestring.LineString object at 0x0000016B135B2550>, 53103804, 3108781957)"
"(<shapely.geometry.linestring.LineString object at 0x0000016B0FA422E8>, 1762740900, 2908411319)"
"(<shapely.geometry.linestring.LineString object at 0x0000016B103D1FD0>, 240469705, 5487138113)"
"(<shapely.geometry.linestring.LineString object at 0x0000016B1031AE10>, 6330203892, 243673082)"
"(<shapely.geometry.linestring.LineString object at 0x0000016B10D8CB70>, 275782472, 4044850417)"
"(<shapely.geometry.linestring.LineString object at 0x0000016B1033CE48>, 230899740, 312432704)"
"(<shapely.geometry.linestring.LineString object at 0x0000016B03580EB8>, 3696069397, 53082741)"
"(<shapely.geometry.linestring.LineString object at 0x0000016B104073C8>, 259581498, 407681331)"
"(<shapely.geometry.linestring.LineString object at 0x0000016B111017F0>, 56819228, 53058930)"
"(<shapely.geometry.linestring.LineString object at 0x0000016B0F87C0F0>, 53076878, 53129609)"
"(<shapely.geometry.linestring.LineString object at 0x0000016B1031AE10>, 6330203892, 243673082)"
"(<shapely.geometry.linestring.LineString object at 0x0000016B02C4C128>, 53030345, 3573558016)"
"(<shapely.geometry.linestring.LineString object at 0x0000016B0D84D860>, 53055194, 53055195)"
"(<shapely.geometry.linestring.LineString object at 0x0000016B10D7A588>, 53098219, 53116948)"
"(<shapely.geometry.linestring.LineString object at 0x0000016B02EC3FD0>, 53107625, 5483224717)"
"(<shapely.geometry.linestring.LineString object at 0x0000016B0295A7F0>, 407681235, 259581501)"
"(<shapely.geometry.linestring.LineString object at 0x0000016B11141C88>, 5483072397, 53152693)"
"(<shapely.geometry.linestring.LineString object at 0x0000016B10FDFBE0>, 240448956, 541005976)"
"(<shapely.geometry.linestring.LineString object at 0x0000016B10EC18D0>, 53047313, 53048818)"
"(<shapely.geometry.linestring.LineString object at 0x0000016B110AA0F0>, 53082594, 53100520)"
"(<shapely.geometry.linestring.LineString object at 0x0000016B10FDF198>, 240448884, 4225376184)"
"(<shapely.geometry.linestring.LineString object at 0x0000016B0593C588>, 53116966, 3221163205)"
"(<shapely.geometry.linestring.LineString object at 0x0000016B0DA78EB8>, 53099275, 4305382016)"
"(<shapely.geometry.linestring.LineString object at 0x0000016B0FA422E8>, 1762740900, 2908411319)"
"(<shapely.geometry.linestring.LineString object at 0x0000016B11492668>, 4592290396, 4591463176)"
"(<shapely.geometry.linestring.LineString object at 0x0000016B0FB195C0>, 57066388, 5483224238)"
"(<shapely.geometry.linestring.LineString object at 0x0000016B0FA62588>, 1762740408, 5487138171)"
"(<shapely.geometry.linestring.LineString object at 0x0000016B0EDC0B38>, 5483224108, 53042665)"
"(<shapely.geometry.linestring.LineString object at 0x0000016B10939BE0>, 53111888, 53122855)"
"(<shapely.geometry.linestring.LineString object at 0x0000016B0EDCF2B0>, 5483224238, 57066388)"
"(<shapely.geometry.linestring.LineString object at 0x0000016B0EDCF2B0>, 5483224238, 57066388)"
"(<shapely.geometry.linestring.LineString object at 0x0000016B10FDFDD8>, 240448958, 53096083)"
"(<shapely.geometry.linestring.LineString object at 0x0000016B0358AE10>, 53020971, 312430760)"
"(<shapely.geometry.linestring.LineString object at 0x0000016B11110B70>, 275808115, 53020974)"
"(<shapely.geometry.linestring.LineString object at 0x0000016B0FB19940>, 239616965, 2362882013)"
"(<shapely.geometry.linestring.LineString object at 0x0000016B0459C390>, 275782492, 2086720410)"
"(<shapely.geometry.linestring.LineString object at 0x0000016B0EED90F0>, 5483224703, 53055155)"
"(<shapely.geometry.linestring.LineString object at 0x0000016B0D85D080>, 2086696718, 53041085)"
"(<shapely.geometry.linestring.LineString object at 0x0000016B0F9BA438>, 53072256, 263569421)"
"(<shapely.geometry.linestring.LineString object at 0x0000016B1031A668>, 6269419115, 53080628)"
"(<shapely.geometry.linestring.LineString object at 0x0000016B035B18D0>, 53122849, 1928228049)"
"(<shapely.geometry.linestring.LineString object at 0x0000016B106679E8>, 2308944862, 53084125)"
"(<shapely.geometry.linestring.LineString object at 0x0000016B0FB19940>, 239616965, 2362882013)"
"(<shapely.geometry.linestring.LineString object at 0x0000016B10FDFBE0>, 240448956, 541005976)"
"(<shapely.geometry.linestring.LineString object at 0x0000016B1148CDD8>, 1938181970, 53055182)"
"(<shapely.geometry.linestring.LineString object at 0x0000016B0841A198>, 53055181, 1938181933)"
"(<shapely.geometry.linestring.LineString object at 0x0000016B0EDCF2B0>, 5483224238, 57066388)"
"(<shapely.geometry.linestring.LineString object at 0x0000016B11138FD0>, 53030346, 4213511009)"
"(<shapely.geometry.linestring.LineString object at 0x0000016B10FA6898>, 1798599557, 5484498034)"
"(<shapely.geometry.linestring.LineString object at 0x0000016B02C7E278>, 53096083, 53050568)"
"(<shapely.geometry.linestring.LineString object at 0x0000016B10FDF438>, 240448897, 3676980355)"
"(<shapely.geometry.linestring.LineString object at 0x0000016B06077B00>, 5483223612, 5483223611)"
"(<shapely.geometry.linestring.LineString object at 0x0000016B0EC0C780>, 275782492, 2086720410)"
"(<shapely.geometry.linestring.LineString object at 0x0000016B0EB94160>, 5483072798, 310473226)"
"(<shapely.geometry.linestring.LineString object at 0x0000016B033F7BA8>, 53121257, 307508301)"
"(<shapely.geometry.linestring.LineString object at 0x0000016B08634588>, 2086712241, 2086712232)"
"(<shapely.geometry.linestring.LineString object at 0x0000016B0FA794E0>, 53070085, 53070088)"
"(<shapely.geometry.linestring.LineString object at 0x0000016B0EDC0940>, 5483224086, 53063549)"
"(<shapely.geometry.linestring.LineString object at 0x0000016B0FB03CC0>, 53068394, 2086720378)"
"(<shapely.geometry.linestring.LineString object at 0x0000016B0295A6A0>, 407681229, 53096078)"
"(<shapely.geometry.linestring.LineString object at 0x0000016B0D84D550>, 53055191, 53055189)"
"(<shapely.geometry.linestring.LineString object at 0x0000016B05F09EF0>, 3403193789, 2144915118)"
"(<shapely.geometry.linestring.LineString object at 0x0000016B0FB13860>, 3652928277, 53063558)"
"(<shapely.geometry.linestring.LineString object at 0x0000016B10D8CB70>, 275782472, 4044850417)"
"(<shapely.geometry.linestring.LineString object at 0x0000016B0D84BB38>, 1957629532, 53113774)"
"(<shapely.geometry.linestring.LineString object at 0x0000016B0F023C50>, 2820169753, 4040405136)"
"(<shapely.geometry.linestring.LineString object at 0x0000016B11717EF0>, 243673125, 5483224488)"
"(<shapely.geometry.linestring.LineString object at 0x0000016B114806D8>, 53027124, 1979167529)"
"(<shapely.geometry.linestring.LineString object at 0x0000016B0FA794E0>, 53070085, 53070088)"
"(<shapely.geometry.linestring.LineString object at 0x0000016B10EC15C0>, 53047307, 53117372)"
"(<shapely.geometry.linestring.LineString object at 0x0000016B02C4C8D0>, 3694079319, 2443760109)"
"(<shapely.geometry.linestring.LineString object at 0x0000016B0DA78EB8>, 53099275, 4305382016)"
"(<shapely.geometry.linestring.LineString object at 0x0000016B10FDFBE0>, 240448956, 541005976)"
"(<shapely.geometry.linestring.LineString object at 0x0000016B0295A9B0>, 407681274, 407681275)"
"(<shapely.geometry.linestring.LineString object at 0x0000016B086C36D8>, 52987337, 240448903)"
"(<shapely.geometry.linestring.LineString object at 0x0000016B10D8CB70>, 275782472, 4044850417)"
"(<shapely.geometry.linestring.LineString object at 0x0000016B10CBC6A0>, 3125358054, 165560129)"
"(<shapely.geometry.linestring.LineString object at 0x0000016B02C7E278>, 53096083, 53050568)"
"(<shapely.geometry.linestring.LineString object at 0x0000016B0DA78EB8>, 53099275, 4305382016)"
"(<shapely.geometry.linestring.LineString object at 0x0000016B10DB5B70>, 53091861, 53146071)"
"(<shapely.geometry.linestring.LineString object at 0x0000016B11165A58>, 5483072523, 53063666)"
"(<shapely.geometry.linestring.LineString object at 0x0000016B104073C8>, 259581498, 407681331)"
"(<shapely.geometry.linestring.LineString object at 0x0000016B135B2550>, 53103804, 3108781957)"
"(<shapely.geometry.linestring.LineString object at 0x0000016B02EE4F60>, 53020929, 53020930)"
"(<shapely.geometry.linestring.LineString object at 0x0000016B0FB19940>, 239616965, 2362882013)"
"(<shapely.geometry.linestring.LineString object at 0x0000016B1033CE48>, 230899740, 312432704)"
"(<shapely.geometry.linestring.LineString object at 0x0000016B0EDCF2B0>, 5483224238, 57066388)"
"(<shapely.geometry.linestring.LineString object at 0x0000016B0358AD68>, 53020969, 4545704699)"
"(<shapely.geometry.linestring.LineString object at 0x0000016B135A0E10>, 5484498063, 240469698)"
"(<shapely.geometry.linestring.LineString object at 0x0000016B10B41518>, 53093346, 53093345)"
"(<shapely.geometry.linestring.LineString object at 0x0000016B0F890E80>, 53112051, 53125299)"
"(<shapely.geometry.linestring.LineString object at 0x0000016B10DB5400>, 52993536, 52987338)"
"(<shapely.geometry.linestring.LineString object at 0x0000016B110AAFD0>, 53082594, 53082593)"
"(<shapely.geometry.linestring.LineString object at 0x0000016B10FDF668>, 240448914, 240448918)"
"(<shapely.geometry.linestring.LineString object at 0x0000016B10CACA90>, 53096076, 2086696681)"
"(<shapely.geometry.linestring.LineString object at 0x0000016B033F7BA8>, 53121257, 307508301)"
"(<shapely.geometry.linestring.LineString object at 0x0000016B0FB13860>, 3652928277, 53063558)"
"(<shapely.geometry.linestring.LineString object at 0x0000016B1030C5C0>, 267632047, 52978706)"
"(<shapely.geometry.linestring.LineString object at 0x0000016B106679E8>, 2308944862, 53084125)"
"(<shapely.geometry.linestring.LineString object at 0x0000016B0954F588>, 275782491, 53090190)"
"(<shapely.geometry.linestring.LineString object at 0x0000016B13191518>, 53020933, 243673105)"
"(<shapely.geometry.linestring.LineString object at 0x0000016B1172AEF0>, 53029024, 53044093)"
"(<shapely.geometry.linestring.LineString object at 0x0000016B07CDFE10>, 5487138104, 53024605)"
"(<shapely.geometry.linestring.LineString object at 0x0000016B0D84DE80>, 2065927938, 1321393772)"
"(<shapely.geometry.linestring.LineString object at 0x0000016B0359E5C0>, 53020995, 35719103)"
"(<shapely.geometry.linestring.LineString object at 0x0000016B1106AA58>, 5487138198, 92951404)"
"(<shapely.geometry.linestring.LineString object at 0x0000016B0EDCF2B0>, 5483224238, 57066388)"
"(<shapely.geometry.linestring.LineString object at 0x0000016B10FDF438>, 240448897, 3676980355)"
"(<shapely.geometry.linestring.LineString object at 0x0000016B0AD21DA0>, 73991078, 53047303)"
"(<shapely.geometry.linestring.LineString object at 0x0000016B0AF21E10>, 53117380, 240469700)"
"(<shapely.geometry.linestring.LineString object at 0x0000016B0FB19940>, 239616965, 2362882013)"
"(<shapely.geometry.linestring.LineString object at 0x0000016B0EBF3F60>, 57066394, 3516414498)"
"(<shapely.geometry.linestring.LineString object at 0x0000016B10FDF438>, 240448897, 3676980355)"
"(<shapely.geometry.linestring.LineString object at 0x0000016B1030C080>, 267631972, 5483223606)"
"(<shapely.geometry.linestring.LineString object at 0x0000016B106674E0>, 2086712240, 275782502)"
"(<shapely.geometry.linestring.LineString object at 0x0000016B043D2400>, 57066394, 3516414498)"
"(<shapely.geometry.linestring.LineString object at 0x0000016B0358AD68>, 53020969, 4545704699)"
"(<shapely.geometry.linestring.LineString object at 0x0000016B0F023C18>, 2820169753, 5484497967)"
"(<shapely.geometry.linestring.LineString object at 0x0000016B10FDF048>, 240448882, 3720819935)"
"(<shapely.geometry.linestring.LineString object at 0x0000016B035B10F0>, 53122851, 53122850)"
"(<shapely.geometry.linestring.LineString object at 0x0000016B10416198>, 259581502, 407681234)"
"(<shapely.geometry.linestring.LineString object at 0x0000016B03F86978>, 1030522453, 53082595)"
"(<shapely.geometry.linestring.LineString object at 0x0000016B03C09898>, 53118713, 283272948)"
"(<shapely.geometry.linestring.LineString object at 0x0000016B08658C50>, 5483072774, 5483072779)"
"(<shapely.geometry.linestring.LineString object at 0x0000016B1111E748>, 53084131, 1762740710)"
"(<shapely.geometry.linestring.LineString object at 0x0000016B0358AE10>, 53020971, 312430760)"
"(<shapely.geometry.linestring.LineString object at 0x0000016B08606B38>, 240448958, 53096084)"
"(<shapely.geometry.linestring.LineString object at 0x0000016B0FB19940>, 239616965, 2362882013)"
"(<shapely.geometry.linestring.LineString object at 0x0000016B092265C0>, 2086712241, 2086712232)"
"(<shapely.geometry.linestring.LineString object at 0x0000016B0CCA3198>, 5482971729, 53062055)"
"(<shapely.geometry.linestring.LineString object at 0x0000016B104073C8>, 259581498, 407681331)"
"(<shapely.geometry.linestring.LineString object at 0x0000016B0EDCF2B0>, 5483224238, 57066388)"
"(<shapely.geometry.linestring.LineString object at 0x0000016B10910EB8>, 3813042631, 53063547)"
"(<shapely.geometry.linestring.LineString object at 0x0000016B1108CDD8>, 53082205, 2676416276)"
"(<shapely.geometry.linestring.LineString object at 0x0000016B0295A7F0>, 407681235, 259581501)"
"(<shapely.geometry.linestring.LineString object at 0x0000016B04C12898>, 5483224307, 4339536781)"
"(<shapely.geometry.linestring.LineString object at 0x0000016B0D8206A0>, 5483072794, 5483072800)"
"(<shapely.geometry.linestring.LineString object at 0x0000016B12437358>, 53129613, 53111886)"
"(<shapely.geometry.linestring.LineString object at 0x0000016B0AF21CC0>, 53117382, 53041131)"
"(<shapely.geometry.linestring.LineString object at 0x0000016B035E4D68>, 53090680, 52978704)"
"(<shapely.geometry.linestring.LineString object at 0x0000016B1319BAC8>, 53056328, 53056326)"
"(<shapely.geometry.linestring.LineString object at 0x0000016B11A9B0F0>, 56837383, 444644980)"
"(<shapely.geometry.linestring.LineString object at 0x0000016B114B7390>, 275782462, 53090185)"
"(<shapely.geometry.linestring.LineString object at 0x0000016B091FE438>, 275782491, 53090190)"
"(<shapely.geometry.linestring.LineString object at 0x0000016B0EDCF2B0>, 5483224238, 57066388)"
"(<shapely.geometry.linestring.LineString object at 0x0000016B0EBF9240>, 53041093, 53063555)"
"(<shapely.geometry.linestring.LineString object at 0x0000016B11A9B208>, 3676980364, 53076866)"
"(<shapely.geometry.linestring.LineString object at 0x0000016B0D84B278>, 53055160, 2476110371)"
"(<shapely.geometry.linestring.LineString object at 0x0000016B0FA62FD0>, 1762740466, 5487138165)"
"(<shapely.geometry.linestring.LineString object at 0x0000016B06084C50>, 57121251, 57121262)"
"(<shapely.geometry.linestring.LineString object at 0x0000016B1031A668>, 6269419115, 53080628)"
"(<shapely.geometry.linestring.LineString object at 0x0000016B0EDCF2B0>, 5483224238, 57066388)"
"(<shapely.geometry.linestring.LineString object at 0x0000016B1117B978>, 53120088, 53050572)"
"(<shapely.geometry.linestring.LineString object at 0x0000016B10DB5400>, 52993536, 52987338)"
"(<shapely.geometry.linestring.LineString object at 0x0000016B043AF898>, 4605234609, 4604538712)"
"(<shapely.geometry.linestring.LineString object at 0x0000016B104354E0>, 4544260190, 243673115)"
"(<shapely.geometry.linestring.LineString object at 0x0000016B10FF06D8>, 3695834681, 240448928)"
"(<shapely.geometry.linestring.LineString object at 0x0000016B0FB19940>, 239616965, 2362882013)"
"(<shapely.geometry.linestring.LineString object at 0x0000016B086806A0>, 4924539070, 53121268)"
"(<shapely.geometry.linestring.LineString object at 0x0000016B0359E160>, 53020981, 53020985)"
"(<shapely.geometry.linestring.LineString object at 0x0000016B10FD1FD0>, 240448878, 5483224511)"
"(<shapely.geometry.linestring.LineString object at 0x0000016B10867BE0>, 53029730, 5483224564)"
"(<shapely.geometry.linestring.LineString object at 0x0000016B04572898>, 240448949, 361210374)"
"(<shapely.geometry.linestring.LineString object at 0x0000016B033F7358>, 53055629, 53082156)"
"(<shapely.geometry.linestring.LineString object at 0x0000016B136DA9B0>, 53027126, 5483072666)"
"(<shapely.geometry.linestring.LineString object at 0x0000016B10FDF438>, 240448897, 3676980355)"
"(<shapely.geometry.linestring.LineString object at 0x0000016B02C7E278>, 53096083, 53050568)"
"(<shapely.geometry.linestring.LineString object at 0x0000016B0F88E5F8>, 1789060349, 53114435)"
"(<shapely.geometry.linestring.LineString object at 0x0000016B05F06DD8>, 53020979, 525866522)"
"(<shapely.geometry.linestring.LineString object at 0x0000016B086C3E48>, 53085623, 53070406)"
"(<shapely.geometry.linestring.LineString object at 0x0000016B1111E5C0>, 53084126, 5483224053)"
"(<shapely.geometry.linestring.LineString object at 0x0000016B126A4470>, 3221161739, 53122851)"
"(<shapely.geometry.linestring.LineString object at 0x0000016B083D0828>, 53129641, 53129639)"
"(<shapely.geometry.linestring.LineString object at 0x0000016B10FDF438>, 240448897, 3676980355)"
"(<shapely.geometry.linestring.LineString object at 0x0000016B11717D68>, 243673133, 4541871185)"
"(<shapely.geometry.linestring.LineString object at 0x0000016B09226860>, 4169483033, 446235162)"
"(<shapely.geometry.linestring.LineString object at 0x0000016B0EB8E5C0>, 435049838, 53093347)"
"(<shapely.geometry.linestring.LineString object at 0x0000016B10DB58D0>, 53091851, 53079177)"
"(<shapely.geometry.linestring.LineString object at 0x0000016B11717D68>, 243673133, 4541871185)"
"(<shapely.geometry.linestring.LineString object at 0x0000016B05EE3320>, 5483072539, 243670952)"
"(<shapely.geometry.linestring.LineString object at 0x0000016B0FA20550>, 1762740740, 1762740747)"
"(<shapely.geometry.linestring.LineString object at 0x0000016B0A1C3C50>, 3403193789, 2144915118)"
"(<shapely.geometry.linestring.LineString object at 0x0000016B02C4C8D0>, 3694079319, 2443760109)"
"(<shapely.geometry.linestring.LineString object at 0x0000016B033F7CF8>, 53121264, 53098222)"
"(<shapely.geometry.linestring.LineString object at 0x0000016B10416198>, 259581502, 407681234)"
"(<shapely.geometry.linestring.LineString object at 0x0000016B110E5710>, 53050568, 259581502)"
"(<shapely.geometry.linestring.LineString object at 0x0000016B035B1CC0>, 53122855, 53129615)"
"(<shapely.geometry.linestring.LineString object at 0x0000016B1172AE10>, 53029024, 59809486)"
"(<shapely.geometry.linestring.LineString object at 0x0000016B1031A668>, 6269419115, 53080628)"
"(<shapely.geometry.linestring.LineString object at 0x0000016B10FDF198>, 240448884, 4225376184)"
"(<shapely.geometry.linestring.LineString object at 0x0000016B0DA78EB8>, 53099275, 4305382016)"
"(<shapely.geometry.linestring.LineString object at 0x0000016B0F9A3E80>, 318886232, 53148316)"
"(<shapely.geometry.linestring.LineString object at 0x0000016B0AF215C0>, 53117370, 53097108)"
"(<shapely.geometry.linestring.LineString object at 0x0000016B110AA860>, 53082565, 53066172)"
"(<shapely.geometry.linestring.LineString object at 0x0000016B0EC052E8>, 312432798, 4264245679)"
"(<shapely.geometry.linestring.LineString object at 0x0000016B0FA79B70>, 1762740534, 1762740494)"
"(<shapely.geometry.linestring.LineString object at 0x0000016B02E3D0F0>, 288991096, 288991095)"
"(<shapely.geometry.linestring.LineString object at 0x0000016B10853A20>, 53062059, 1947418672)"
"(<shapely.geometry.linestring.LineString object at 0x0000016B11717D68>, 243673133, 4541871185)"
"(<shapely.geometry.linestring.LineString object at 0x0000016B10B69EF0>, 53093336, 53055171)"
"(<shapely.geometry.linestring.LineString object at 0x0000016B0295A7F0>, 407681235, 259581501)"
"(<shapely.geometry.linestring.LineString object at 0x0000016B12419128>, 53063564, 53063565)"
"(<shapely.geometry.linestring.LineString object at 0x0000016B035E4E80>, 53090689, 53099165)"
"(<shapely.geometry.linestring.LineString object at 0x0000016B02C7E278>, 53096083, 53050568)"
"(<shapely.geometry.linestring.LineString object at 0x0000016B033F7EF0>, 53121268, 53105539)"
"(<shapely.geometry.linestring.LineString object at 0x0000016B110E5710>, 53050568, 259581502)"
"(<shapely.geometry.linestring.LineString object at 0x0000016B0EBF9240>, 53041093, 53063555)"
"(<shapely.geometry.linestring.LineString object at 0x0000016B0D84DE80>, 2065927938, 1321393772)"
"(<shapely.geometry.linestring.LineString object at 0x0000016B0FAF6390>, 4233543984, 251226527)"
"(<shapely.geometry.linestring.LineString object at 0x0000016B110AA828>, 53082568, 53117382)"
"(<shapely.geometry.linestring.LineString object at 0x0000016B0EDCF2B0>, 5483224238, 57066388)"
"(<shapely.geometry.linestring.LineString object at 0x0000016B10ED07F0>, 275804265, 53020976)"
"(<shapely.geometry.linestring.LineString object at 0x0000016B0EEBCDA0>, 5483224598, 1998332204)"
"(<shapely.geometry.linestring.LineString object at 0x0000016B0D84D1D0>, 53055171, 53116953)"
"(<shapely.geometry.linestring.LineString object at 0x0000016B1033C748>, 53100516, 53037921)"
"(<shapely.geometry.linestring.LineString object at 0x0000016B1031A668>, 6269419115, 53080628)"
"(<shapely.geometry.linestring.LineString object at 0x0000016B04599F28>, 4169483033, 446235162)"
"(<shapely.geometry.linestring.LineString object at 0x0000016B0295A6A0>, 407681229, 53096078)"
"(<shapely.geometry.linestring.LineString object at 0x0000016B0AF21D30>, 53117380, 5484498025)"
"(<shapely.geometry.linestring.LineString object at 0x0000016B0EED9898>, 2644106917, 5487191677)"
"(<shapely.geometry.linestring.LineString object at 0x0000016B10DB56D8>, 53091844, 5483224521)"
"(<shapely.geometry.linestring.LineString object at 0x0000016B136CA6D8>, 53064847, 86333115)"
"(<shapely.geometry.linestring.LineString object at 0x0000016B0FA20F60>, 1762740792, 1762740803)"
"(<shapely.geometry.linestring.LineString object at 0x0000016B135B24A8>, 53103802, 3221161746)"
"(<shapely.geometry.linestring.LineString object at 0x0000016B033F7CF8>, 53121264, 53098222)"
"(<shapely.geometry.linestring.LineString object at 0x0000016B11480550>, 5484498238, 53079160)"
"(<shapely.geometry.linestring.LineString object at 0x0000016B110E5940>, 53050596, 53050597)"
"(<shapely.geometry.linestring.LineString object at 0x0000016B033F7EF0>, 53121268, 53105539)"
"(<shapely.geometry.linestring.LineString object at 0x0000016B0DA78EB8>, 53099275, 4305382016)"
"(<shapely.geometry.linestring.LineString object at 0x0000016B104073C8>, 259581498, 407681331)"
"(<shapely.geometry.linestring.LineString object at 0x0000016B07CEAB70>, 53114439, 5484498273)"
"(<shapely.geometry.linestring.LineString object at 0x0000016B02C7E278>, 53096083, 53050568)"
"(<shapely.geometry.linestring.LineString object at 0x0000016B136CB358>, 53096076, 2086696681)"
"(<shapely.geometry.linestring.LineString object at 0x0000016B0358AF60>, 53020977, 5484497297)"
"(<shapely.geometry.linestring.LineString object at 0x0000016B103D1DD8>, 240469703, 5487138116)"
"(<shapely.geometry.linestring.LineString object at 0x0000016B0FB19B00>, 239616991, 5483072384)"
"(<shapely.geometry.linestring.LineString object at 0x0000016B10416198>, 259581502, 407681234)"
"(<shapely.geometry.linestring.LineString object at 0x0000016B0359E550>, 53020995, 53020994)"
"(<shapely.geometry.linestring.LineString object at 0x0000016B12419400>, 53063570, 53063572)"
"(<shapely.geometry.linestring.LineString object at 0x0000016B0D84B278>, 53055160, 2476110371)"
"(<shapely.geometry.linestring.LineString object at 0x0000016B0EBF91D0>, 53041090, 53063551)"
"(<shapely.geometry.linestring.LineString object at 0x0000016B035CB1D0>, 3180271661, 3647671449)"
"(<shapely.geometry.linestring.LineString object at 0x0000016B0F86ED30>, 53076875, 283296803)"
"(<shapely.geometry.linestring.LineString object at 0x0000016B0FA42DD8>, 53037895, 53050628)"
"(<shapely.geometry.linestring.LineString object at 0x0000016B10FDFBE0>, 240448956, 541005976)"
"(<shapely.geometry.linestring.LineString object at 0x0000016B1031A668>, 6269419115, 53080628)"
"(<shapely.geometry.linestring.LineString object at 0x0000016B0FB03E48>, 53068396, 2086720430)"
"(<shapely.geometry.linestring.LineString object at 0x0000016B0DA78EB8>, 53099275, 4305382016)"
"(<shapely.geometry.linestring.LineString object at 0x0000016B12419400>, 53063570, 53063572)"
"(<shapely.geometry.linestring.LineString object at 0x0000016B0D84DE80>, 2065927938, 1321393772)"
"(<shapely.geometry.linestring.LineString object at 0x0000016B0EC14E10>, 53074448, 53074450)"
"(<shapely.geometry.linestring.LineString object at 0x0000016B1108CDD8>, 53082205, 2676416276)"
"(<shapely.geometry.linestring.LineString object at 0x0000016B0D85F9B0>, 53112051, 53125299)"
"(<shapely.geometry.linestring.LineString object at 0x0000016B02E21B00>, 53061185, 53061189)"
"(<shapely.geometry.linestring.LineString object at 0x0000016B10D40B70>, 5629883560, 53019159)"
"(<shapely.geometry.linestring.LineString object at 0x0000016B136C05C0>, 5483224223, 5483224120)"
"(<shapely.geometry.linestring.LineString object at 0x0000016B11717EF0>, 243673125, 5483224488)"
"(<shapely.geometry.linestring.LineString object at 0x0000016B09F5F0B8>, 1938181970, 53055182)"
"(<shapely.geometry.linestring.LineString object at 0x0000016B0F87C828>, 52978704, 53090680)"
"(<shapely.geometry.linestring.LineString object at 0x0000016B10FA6FD0>, 53048225, 53048223)"
"(<shapely.geometry.linestring.LineString object at 0x0000016B103D1D68>, 240469698, 240469624)"
"(<shapely.geometry.linestring.LineString object at 0x0000016B07CC8748>, 53058781, 53044102)"
"(<shapely.geometry.linestring.LineString object at 0x0000016B0EC0CCF8>, 1410740111, 53091869)"
"(<shapely.geometry.linestring.LineString object at 0x0000016B0FA24EF0>, 1762740865, 4028651775)"
"(<shapely.geometry.linestring.LineString object at 0x0000016B02C7E668>, 53096096, 53082205)"
"(<shapely.geometry.linestring.LineString object at 0x0000016B02C7E358>, 53096092, 2681821366)"
"(<shapely.geometry.linestring.LineString object at 0x0000016B10DB5B70>, 53091861, 53146071)"
"(<shapely.geometry.linestring.LineString object at 0x0000016B06071828>, 5483224245, 4070600866)"
"(<shapely.geometry.linestring.LineString object at 0x0000016B0F9C05F8>, 3695530716, 53029041)"
"(<shapely.geometry.linestring.LineString object at 0x0000016B0EEBC128>, 5483224538, 240448876)"
"(<shapely.geometry.linestring.LineString object at 0x0000016B10407320>, 259581496, 407681380)"
"(<shapely.geometry.linestring.LineString object at 0x0000016B1240AE48>, 53063553, 2629421625)"
"(<shapely.geometry.linestring.LineString object at 0x0000016B10FA6898>, 1798599557, 5484498034)"
"(<shapely.geometry.linestring.LineString object at 0x0000016B0F8816D8>, 4605234609, 4604538712)"
"(<shapely.geometry.linestring.LineString object at 0x0000016B0FB19940>, 239616965, 2362882013)"
"(<shapely.geometry.linestring.LineString object at 0x0000016B04C1F7B8>, 240448853, 1635557748)"
"(<shapely.geometry.linestring.LineString object at 0x0000016B0FB19CF8>, 239617010, 1946206529)"
"(<shapely.geometry.linestring.LineString object at 0x0000016B110C64A8>, 53082741, 53082738)"
"(<shapely.geometry.linestring.LineString object at 0x0000016B0FB03630>, 3215213027, 53085628)"
"(<shapely.geometry.linestring.LineString object at 0x0000016B0DA78EB8>, 53099275, 4305382016)"
"(<shapely.geometry.linestring.LineString object at 0x0000016B0D84F198>, 5483224223, 5483224120)"
"(<shapely.geometry.linestring.LineString object at 0x0000016B10FDF438>, 240448897, 3676980355)"
"(<shapely.geometry.linestring.LineString object at 0x0000016B0DA78EB8>, 53099275, 4305382016)"
"(<shapely.geometry.linestring.LineString object at 0x0000016B110C60F0>, 53082750, 53020977)"
"(<shapely.geometry.linestring.LineString object at 0x0000016B136DA860>, 2086712241, 2086712232)"
